Game Title,Reworked Game Title
Wii Sports,Wii Sports
Super Mario Bros.,Super Mario Bros.
Mario Kart Wii,Mario Kart Wii
Wii Sports Resort,Wii Sports Resort
Tetris,Tetris
New Super Mario Bros.,New Super Mario Bros.
Wii Play,Wii Play
Duck Hunt,Duck Hunt
New Super Mario Bros. Wii,New Super Mario Bros. Wii
Nintendogs,Nintendogs
PokÃ©mon Gold / Silver Version,Pokémon Gold / Silver Version
Wii Fit,Wii Fit
Mario Kart DS,Mario Kart DS
Wii Fit Plus,Wii Fit Plus
Grand Theft Auto: San Andreas,Grand Theft Auto: San Andreas
Super Mario World,Super Mario World
Brain Age: Train Your Brain in Minutes a Day,Brain Age: Train Your Brain in Minutes a Day
Kinect Adventures!,Kinect Adventures!
Super Mario Land,Super Mario Land
PokÃ©mon Diamond / Pearl Version,Pokémon Diamond / Pearl Version
Super Mario Bros. 3,Super Mario Bros. 3
Grand Theft Auto: Vice City,Grand Theft Auto: Vice City
PokÃ©mon Ruby / Sapphire Version,Pokémon Ruby / Sapphire Version
Brain Age 2: More Training in Minutes a Day,Brain Age 2: More Training in Minutes a Day
Gran Turismo 3: A-Spec,Gran Turismo 3: A-Spec
Call of Duty: Modern Warfare 3,Call of Duty: Modern Warfare 3
PokÃ©mon Yellow: Special Pikachu Edition,Pokémon Yellow: Special Pikachu Edition
PokÃ©mon Black / White Version,Pokémon Black / White Version
Call of Duty: Black Ops,Call of Duty: Black Ops
Grand Theft Auto III,Grand Theft Auto III
Call of Duty: Modern Warfare 2,Call of Duty: Modern Warfare 2
Call of Duty: Modern Warfare 3,Call of Duty: Modern Warfare 3
Super Mario 64,Super Mario 64
Call of Duty: Black Ops,Call of Duty: Black Ops
Call of Duty: Black Ops II,Call of Duty: Black Ops II
Animal Crossing: Wild World,Animal Crossing: Wild World
Halo 3,Halo 3
Super Smash Bros. Brawl,Super Smash Bros. Brawl
PokÃ©mon Heart Gold / Soul Silver Version,Pokémon Heart Gold / Soul Silver Version
Gran Turismo 4,Gran Turismo 4
The Sims,The Sims
Super Mario Land 2: 6 Golden Coins,Super Mario Land 2: 6 Golden Coins
Gran Turismo,Gran Turismo
Super Mario Galaxy,Super Mario Galaxy
Super Mario All-Stars,Super Mario All-Stars
PokÃ©mon FireRed / LeafGreen Version,Pokémon FireRed / LeafGreen Version
Grand Theft Auto IV,Grand Theft Auto IV
Call of Duty: Modern Warfare 2,Call of Duty: Modern Warfare 2
Super Mario 64 DS,Super Mario 64 DS
Mario Kart 64,Mario Kart 64
Call of Duty: Black Ops II,Call of Duty: Black Ops II
Just Dance 3,Just Dance 3
Final Fantasy VII,Final Fantasy VII
Grand Theft Auto IV,Grand Theft Auto IV
Halo: Reach,Halo: Reach
Just Dance 2,Just Dance 2
Gran Turismo 2,Gran Turismo 2
Donkey Kong Country,Donkey Kong Country
Call of Duty 4: Modern Warfare,Call of Duty 4: Modern Warfare
Gran Turismo 5,Gran Turismo 5
Super Mario Kart,Super Mario Kart
Mario Party DS,Mario Party DS
Halo 2,Halo 2
Super Mario 3D Land,Super Mario 3D Land
Wii Party,Wii Party
GoldenEye 007,GoldenEye 007
Final Fantasy X,Final Fantasy X
Myst,Myst
Halo 4,Halo 4
Mario Party 8,Mario Party 8
Mario & Sonic at the Olympic Games,Mario & Sonic at the Olympic Games
Final Fantasy VIII,Final Fantasy VIII
Mario Kart 7,Mario Kart 7
The Legend of Zelda: Ocarina of Time,The Legend of Zelda: Ocarina of Time
PokÃ©mon Platinum Version,Pokémon Platinum Version
Grand Theft Auto: Liberty City Stories,Grand Theft Auto: Liberty City Stories
Super Mario Bros. 2,Super Mario Bros. 2
Need for Speed Underground,Need for Speed Underground
Tekken 3,Tekken 3
The Elder Scrolls V: Skyrim,The Elder Scrolls V: Skyrim
Super Smash Bros. Melee,Super Smash Bros. Melee
Super Mario Galaxy 2,Super Mario Galaxy 2
Just Dance,Just Dance
Mario Kart: Double Dash!!,Mario Kart: Double Dash!!
Call of Duty: World at War,Call of Duty: World at War
Need for Speed Underground 2,Need for Speed Underground 2
Medal of Honor: Frontline,Medal of Honor: Frontline
The Legend of Zelda: Twilight Princess,The Legend of Zelda: Twilight Princess
Battlefield 3,Battlefield 3
Gears of War 2,Gears of War 2
Big Brain Academy,Big Brain Academy
The Legend of Zelda,The Legend of Zelda
Halo: Combat Evolved,Halo: Combat Evolved
PokÃ©mon Emerald Version,Pokémon Emerald Version
PokÃ©mon Crystal Version,Pokémon Crystal Version
Pokemon Black / White Version 2,Pokemon Black / White Version 2
FIFA Soccer 12,FIFA Soccer 12
Super Mario Sunshine,Super Mario Sunshine
Street Fighter II: The World Warrior,Street Fighter II: The World Warrior
Zumba Fitness,Zumba Fitness
Call of Duty 4: Modern Warfare,Call of Duty 4: Modern Warfare
Battlefield 3,Battlefield 3
Driver,Driver
World of Warcraft,World of Warcraft
FIFA Soccer 13,FIFA Soccer 13
Halo 3: ODST,Halo 3: ODST
Uncharted 2: Among Thieves,Uncharted 2: Among Thieves
Metal Gear Solid 2: Sons of Liberty,Metal Gear Solid 2: Sons of Liberty
Sonic the Hedgehog 2,Sonic the Hedgehog 2
Metal Gear Solid,Metal Gear Solid
Gears of War,Gears of War
Final Fantasy XII,Final Fantasy XII
Donkey Kong Country Returns,Donkey Kong Country Returns
Kingdom Hearts,Kingdom Hearts
Resident Evil 2,Resident Evil 2
Gears of War 3,Gears of War 3
Uncharted 3: Drake's Deception,Uncharted 3: Drake's Deception
Metal Gear Solid 4: Guns of the Patriots,Metal Gear Solid 4: Guns of the Patriots
Tekken 2,Tekken 2
Dragon Quest IX: Sentinels of the Starry Skies,Dragon Quest IX: Sentinels of the Starry Skies
New Super Mario Bros. 2,New Super Mario Bros. 2
Tetris,Tetris
Super Smash Bros.,Super Smash Bros.
Kinect Sports,Kinect Sports
Super Mario Advance,Super Mario Advance
Mario Kart: Super Circuit,Mario Kart: Super Circuit
Red Dead Redemption,Red Dead Redemption
Super Mario World: Super Mario Advance 2,Super Mario World: Super Mario Advance 2
Cooking Mama,Cooking Mama
PokÃ©mon Stadium,Pokémon Stadium
Crash Bandicoot: The Wrath of Cortex,Crash Bandicoot: The Wrath of Cortex
Red Dead Redemption,Red Dead Redemption
Assassin's Creed II,Assassin's Creed II
Monster Hunter Freedom Unite,Monster Hunter Freedom Unite
Forza Motorsport 3,Forza Motorsport 3
Dr. Mario,Dr. Mario
Just Dance 4,Just Dance 4
PokÃ©mon Pinball,Pokémon Pinball
Final Fantasy IX,Final Fantasy IX
Final Fantasy X-2,Final Fantasy X-2
Donkey Kong 64,Donkey Kong 64
Assassin's Creed,Assassin's Creed
Tomb Raider II,Tomb Raider II
Madden NFL 2004,Madden NFL 2004
Dragon Quest VIII: Journey of the Cursed King,Dragon Quest VIII: Journey of the Cursed King
Super Mario Advance 4: Super Mario Bros. 3,Super Mario Advance 4: Super Mario Bros. 3
Super Mario Land 3: Wario Land,Super Mario Land 3: Wario Land
LittleBigPlanet,LittleBigPlanet
Donkey Kong Country 2: Diddy's Kong Quest,Donkey Kong Country 2: Diddy's Kong Quest
Medal of Honor: Rising Sun,Medal of Honor: Rising Sun
Kirby's Dream Land,Kirby's Dream Land
Microsoft Flight Simulator,Microsoft Flight Simulator
Guitar Hero II,Guitar Hero II
Assassin's Creed II,Assassin's Creed II
Super Mario Bros. Deluxe,Super Mario Bros. Deluxe
Professor Layton and the Curious Village,Professor Layton and the Curious Village
LEGO Star Wars: The Complete Saga,LEGO Star Wars: The Complete Saga
Resident Evil,Resident Evil
Tony Hawk's Pro Skater,Tony Hawk's Pro Skater
Mario & Sonic at the Olympic Games,Mario & Sonic at the Olympic Games
Warzone 2100,Warzone 2100
Spyro the Dragon,Spyro the Dragon
Call of Duty: World at War,Call of Duty: World at War
Guitar Hero III: Legends of Rock,Guitar Hero III: Legends of Rock
Link's Crossbow Training,Link's Crossbow Training
The Legend of Zelda: Phantom Hourglass,The Legend of Zelda: Phantom Hourglass
Final Fantasy XIII,Final Fantasy XIII
Madden NFL 06,Madden NFL 06
FIFA Soccer 11,FIFA Soccer 11
Fable III,Fable III
PokÃ©mon Mystery Dungeon: Explorers of Time / Darkness,Pokémon Mystery Dungeon: Explorers of Time / Darkness
Diddy Kong Racing,Diddy Kong Racing
Dr. Mario,Dr. Mario
Resident Evil 5,Resident Evil 5
Crash Team Racing,Crash Team Racing
Grand Theft Auto: Vice City Stories,Grand Theft Auto: Vice City Stories
Driver 2,Driver 2
Assassin's Creed III,Assassin's Creed III
The Simpsons: Hit & Run,The Simpsons: Hit & Run
Tony Hawk's Pro Skater 2,Tony Hawk's Pro Skater 2
The Lord of the Rings: The Two Towers,The Lord of the Rings: The Two Towers
Tomb Raider,Tomb Raider
The Legend of Zelda: A Link to the Past,The Legend of Zelda: A Link to the Past
The Legend of Zelda: The Wind Waker,The Legend of Zelda: The Wind Waker
Uncharted: Drake's Fortune,Uncharted: Drake's Fortune
God of War III,God of War III
Assassin's Creed,Assassin's Creed
Madden NFL 2005,Madden NFL 2005
Guitar Hero III: Legends of Rock,Guitar Hero III: Legends of Rock
The Elder Scrolls V: Skyrim,The Elder Scrolls V: Skyrim
Assassin's Creed: Brotherhood,Assassin's Creed: Brotherhood
Madden NFL 07,Madden NFL 07
Spider-Man: The Movie,Spider-Man: The Movie
FIFA Soccer 13,FIFA Soccer 13
Dragon Warrior VII,Dragon Warrior VII
LEGO Star Wars: The Complete Saga,LEGO Star Wars: The Complete Saga
God of War,God of War
Animal Crossing: City Folk,Animal Crossing: City Folk
Tony Hawk's Pro Skater 3,Tony Hawk's Pro Skater 3
Winning Eleven: Pro Evolution Soccer 2007,Winning Eleven: Pro Evolution Soccer 2007
Guitar Hero III: Legends of Rock,Guitar Hero III: Legends of Rock
Zelda II: The Adventure of Link,Zelda II: The Adventure of Link
Mario & Sonic at the Olympic Winter Games,Mario & Sonic at the Olympic Winter Games
Need for Speed: Most Wanted,Need for Speed: Most Wanted
Assassin's Creed: Brotherhood,Assassin's Creed: Brotherhood
Sonic the Hedgehog,Sonic the Hedgehog
Michael Jackson: The Experience,Michael Jackson: The Experience
Namco Museum,Namco Museum
Metal Gear Solid 3: Snake Eater,Metal Gear Solid 3: Snake Eater
Batman: Arkham City,Batman: Arkham City
Warcraft II: Tides of Darkness,Warcraft II: Tides of Darkness
FIFA Soccer 06,FIFA Soccer 06
EyeToy Play,EyeToy Play
Assassin's Creed III,Assassin's Creed III
Excitebike,Excitebike
Frogger,Frogger
Madden NFL 2003,Madden NFL 2003
Resistance: Fall of Man,Resistance: Fall of Man
Super Mario World 2: Yoshi's Island,Super Mario World 2: Yoshi's Island
Gran Turismo 5 Prologue,Gran Turismo 5 Prologue
Half-Life,Half-Life
Fable II,Fable II
FIFA 07 Soccer,FIFA 07 Soccer
Street Fighter II Turbo,Street Fighter II Turbo
Kingdom Hearts II,Kingdom Hearts II
Daxter,Daxter
God of War II,God of War II
FIFA Soccer 12,FIFA Soccer 12
World Soccer Winning Eleven 9,World Soccer Winning Eleven 9
Namco Museum Vol.3,Namco Museum Vol.3
Tekken Tag Tournament,Tekken Tag Tournament
Star Fox 64,Star Fox 64
Fallout 3,Fallout 3
Golf,Golf
Forza Motorsport 2,Forza Motorsport 2
World of Warcraft: The Burning Crusade,World of Warcraft: The Burning Crusade
World of Warcraft: Wrath of the Lich King,World of Warcraft: Wrath of the Lich King
Namco Museum: 50th Anniversary,Namco Museum: 50th Anniversary
The Elder Scrolls IV: Oblivion,The Elder Scrolls IV: Oblivion
Professor Layton and the Diabolical Box,Professor Layton and the Diabolical Box
Forza Motorsport 4,Forza Motorsport 4
Carnival Games,Carnival Games
Donkey Kong Land,Donkey Kong Land
Assassin's Creed: Revelations,Assassin's Creed: Revelations
Tony Hawk's Underground,Tony Hawk's Underground
StarCraft II: Wings of Liberty,StarCraft II: Wings of Liberty
Tekken 5,Tekken 5
Dragon Warrior III,Dragon Warrior III
World Soccer Winning Eleven 8 International,World Soccer Winning Eleven 8 International
Namco Museum Vol.1,Namco Museum Vol.1
EA Sports Active,EA Sports Active
Assassin's Creed: Revelations,Assassin's Creed: Revelations
The Legend of Zelda: Link's Awakening,The Legend of Zelda: Link's Awakening
RollerCoaster Tycoon,RollerCoaster Tycoon
Flash Focus: Vision Training in Minutes a Day,Flash Focus: Vision Training in Minutes a Day
Resident Evil Director's Cut,Resident Evil Director's Cut
MotorStorm,MotorStorm
The Sims: Unleashed,The Sims: Unleashed
Harry Potter and the Sorcerer's Stone,Harry Potter and the Sorcerer's Stone
StarCraft,StarCraft
Big Brain Academy: Wii Degree,Big Brain Academy: Wii Degree
Mario & Luigi: Bowser's Inside Story,Mario & Luigi: Bowser's Inside Story
Resident Evil 3: Nemesis,Resident Evil 3: Nemesis
Spyro: Year of the Dragon,Spyro: Year of the Dragon
Batman: Arkham Asylum,Batman: Arkham Asylum
FIFA Soccer 2005,FIFA Soccer 2005
PokÃ©mon Trading Card Game,Pokémon Trading Card Game
Tomodachi Collection,Tomodachi Collection
Tony Hawk's Pro Skater 4,Tony Hawk's Pro Skater 4
Banjo-Kazooie,Banjo-Kazooie
SOCOM: U.S. Navy SEALs,SOCOM: U.S. Navy SEALs
Batman: Arkham City,Batman: Arkham City
Ratchet & Clank: Size Matters,Ratchet & Clank: Size Matters
Jak and Daxter: The Precursor Legacy,Jak and Daxter: The Precursor Legacy
The Legend of Zelda: Skyward Sword,The Legend of Zelda: Skyward Sword
PokÃ©mon Snap,Pokémon Snap
Pro Evolution Soccer 2008,Pro Evolution Soccer 2008
LEGO Indiana Jones: The Original Adventures,LEGO Indiana Jones: The Original Adventures
Resident Evil 4,Resident Evil 4
MySims,MySims
Star Wars Battlefront,Star Wars Battlefront
Doom II,Doom II
The Simpsons: Road Rage,The Simpsons: Road Rage
Luigi's Mansion,Luigi's Mansion
Left 4 Dead 2,Left 4 Dead 2
Star Wars Battlefront II,Star Wars Battlefront II
WWF SmackDown!,WWF SmackDown!
Midnight Club 3: DUB Edition,Midnight Club 3: DUB Edition
Guitar Hero: World Tour,Guitar Hero: World Tour
Grand Theft Auto: Liberty City Stories,Grand Theft Auto: Liberty City Stories
The Getaway,The Getaway
Tomb Raider III: Adventures of Lara Croft,Tomb Raider III: Adventures of Lara Croft
Super Paper Mario,Super Paper Mario
James Bond 007: Agent Under Fire,James Bond 007: Agent Under Fire
LEGO Star Wars: The Video Game,LEGO Star Wars: The Video Game
FIFA Soccer 10,FIFA Soccer 10
Rugrats in Paris: The Movie,Rugrats in Paris: The Movie
Spyro 2: Ripto's Rage!,Spyro 2: Ripto's Rage!
Donkey Kong Country 3: Dixie Kong's Double Trouble!,Donkey Kong Country 3: Dixie Kong's Double Trouble!
Cooking Mama 2: Dinner With Friends,Cooking Mama 2: Dinner With Friends
Kung Fu,Kung Fu
FIFA Soccer 2004,FIFA Soccer 2004
Who wants to be a millionaire,Who wants to be a millionaire
Sports Champions,Sports Champions
FIFA Soccer 11,FIFA Soccer 11
Diablo,Diablo
Guitar Hero: On Tour,Guitar Hero: On Tour
Tekken 4,Tekken 4
Mario & Sonic at the London 2012 Olympic Games,Mario & Sonic at the London 2012 Olympic Games
Grand Theft Auto 2,Grand Theft Auto 2
Final Fantasy III,Final Fantasy III
Spider-Man 2,Spider-Man 2
F-1 Race,F-1 Race
FIFA Soccer 2003,FIFA Soccer 2003
Crash Bash,Crash Bash
Fallout: New Vegas,Fallout: New Vegas
The Legend of Zelda: Majora's Mask,The Legend of Zelda: Majora's Mask
WWF War Zone,WWF War Zone
Clubhouse Games,Clubhouse Games
Rugrats: Search For Reptar,Rugrats: Search For Reptar
English Training: Have Fun Improving Your Skills!,English Training: Have Fun Improving Your Skills!
Mario & Sonic at the Olympic Winter Games,Mario & Sonic at the Olympic Winter Games
James Bond 007: Nightfire,James Bond 007: Nightfire
Ratchet & Clank,Ratchet & Clank
Star Wars Episode III: Revenge of the Sith,Star Wars Episode III: Revenge of the Sith
Max Payne,Max Payne
Battlefield: Bad Company 2,Battlefield: Bad Company 2
Resident Evil 5,Resident Evil 5
World of Warcraft: Cataclysm,World of Warcraft: Cataclysm
The Lord of the Rings: The Return of the King,The Lord of the Rings: The Return of the King
True Crime: Streets of LA,True Crime: Streets of LA
Left 4 Dead,Left 4 Dead
Tekken,Tekken
007: Tomorrow Never Dies,007: Tomorrow Never Dies
Killer Instinct,Killer Instinct
Baseball,Baseball
WWF SmackDown! 2: Know Your Role,WWF SmackDown! 2: Know Your Role
Wii Music,Wii Music
Dragon Quest VI: Maboroshi no Daichi,Dragon Quest VI: Maboroshi no Daichi
Enter the Matrix,Enter the Matrix
The Sims 2,The Sims 2
The Legend of Zelda: Spirit Tracks,The Legend of Zelda: Spirit Tracks
Ace Combat 04: Shattered Skies,Ace Combat 04: Shattered Skies
Animal Crossing,Animal Crossing
Fallout 3,Fallout 3
FIFA Soccer 08,FIFA Soccer 08
Borderlands,Borderlands
Spider-Man,Spider-Man
Need for Speed III: Hot Pursuit,Need for Speed III: Hot Pursuit
Star Wars Episode I Racer,Star Wars Episode I Racer
Dragon Warrior IV,Dragon Warrior IV
God of War: Chains of Olympus,God of War: Chains of Olympus
Dragon Ball Z: Budokai,Dragon Ball Z: Budokai
Personal Trainer: Cooking,Personal Trainer: Cooking
Madden NFL 2002,Madden NFL 2002
World Class Track Meet,World Class Track Meet
Donkey Kong,Donkey Kong
The Sims: Vacation,The Sims: Vacation
Crisis Core: Final Fantasy VII,Crisis Core: Final Fantasy VII
Professor Layton and the Unwound Future,Professor Layton and the Unwound Future
Diablo III,Diablo III
Sonic Rush,Sonic Rush
Rayman,Rayman
The Sims 3,The Sims 3
Tom Clancy's Splinter Cell,Tom Clancy's Splinter Cell
Rhythm Heaven,Rhythm Heaven
The Legend of Zelda: Ocarina of Time,The Legend of Zelda: Ocarina of Time
Mike Tyson's Punch-Out!!,Mike Tyson's Punch-Out!!
WWE SmackDown! Shut Your Mouth,WWE SmackDown! Shut Your Mouth
Kung Fu Panda,Kung Fu Panda
LEGO Batman: The Videogame,LEGO Batman: The Videogame
Dragon Ball Z: Budokai Tenkaichi 3,Dragon Ball Z: Budokai Tenkaichi 3
Batman: Arkham Asylum,Batman: Arkham Asylum
wwe Smackdown vs. Raw 2006,wwe Smackdown vs. Raw 2006
Star Fox,Star Fox
The Sims: Livin Large,The Sims: Livin Large
World Soccer Winning Eleven 6 International,World Soccer Winning Eleven 6 International
Devil May Cry,Devil May Cry
Mass Effect 2,Mass Effect 2
Dance Central,Dance Central
Sonic Heroes,Sonic Heroes
Hitman 2: Silent Assassin,Hitman 2: Silent Assassin
Nintendogs + cats,Nintendogs + cats
Wave Race 64,Wave Race 64
SOCOM II: U.S. Navy SEALs,SOCOM II: U.S. Navy SEALs
WWE SmackDown! vs. RAW 2006,WWE SmackDown! vs. RAW 2006
Pac-Man Collection,Pac-Man Collection
Gran Turismo,Gran Turismo
Yoshi's Island: Super Mario Advance 3,Yoshi's Island: Super Mario Advance 3
Sonic Mega Collection Plus,Sonic Mega Collection Plus
World Soccer Winning Eleven 7 International,World Soccer Winning Eleven 7 International
Hot Shots Golf 3,Hot Shots Golf 3
Killzone 2,Killzone 2
Call of Duty: Finest Hour,Call of Duty: Finest Hour
Syphon Filter,Syphon Filter
LittleBigPlanet 2,LittleBigPlanet 2
Colin McRae Rally,Colin McRae Rally
Kirby Super Star Ultra,Kirby Super Star Ultra
The Elder Scrolls III: Morrowind,The Elder Scrolls III: Morrowind
Disney Epic Mickey,Disney Epic Mickey
Imagine: Babyz,Imagine: Babyz
Yoshi's Story,Yoshi's Story
F-Zero,F-Zero
Doom,Doom
Command & Conquer: Red Alert,Command & Conquer: Red Alert
Sega Superstars Tennis,Sega Superstars Tennis
Cooking Mama: Cook Off,Cooking Mama: Cook Off
WarioWare: Smooth Moves,WarioWare: Smooth Moves
WWE SmackDown! vs. Raw,WWE SmackDown! vs. Raw
LEGO Batman: The Videogame,LEGO Batman: The Videogame
Diablo II,Diablo II
Metroid Prime,Metroid Prime
Finding Nemo,Finding Nemo
WWE SmackDown! Here Comes the Pain,WWE SmackDown! Here Comes the Pain
The Elder Scrolls V: Skyrim,The Elder Scrolls V: Skyrim
Imagine: Fashion Designer,Imagine: Fashion Designer
Hot Shots Golf,Hot Shots Golf
A Bug's Life,A Bug's Life
WWF SmackDown! Just Bring It,WWF SmackDown! Just Bring It
Mortal Kombat Trilogy,Mortal Kombat Trilogy
The Elder Scrolls IV: Oblivion,The Elder Scrolls IV: Oblivion
NBA Street,NBA Street
Madden NFL 10,Madden NFL 10
Jak II,Jak II
Ratchet & Clank: Going Commando,Ratchet & Clank: Going Commando
The Sims,The Sims
Battlefield: Bad Company 2,Battlefield: Bad Company 2
Mass Effect,Mass Effect
Mario Paint,Mario Paint
Saints Row 2,Saints Row 2
PokÃ©mon Stadium 2,Pokémon Stadium 2
Metroid,Metroid
L.A. Noire,L.A. Noire
Age of Empires II: The Age of Kings,Age of Empires II: The Age of Kings
LEGO Batman: The Videogame,LEGO Batman: The Videogame
The Legend of Zelda: A Link to the Past,The Legend of Zelda: A Link to the Past
Onimusha: Warlords,Onimusha: Warlords
Mario Party,Mario Party
Mass Effect 3,Mass Effect 3
LEGO Star Wars II: The Original Trilogy,LEGO Star Wars II: The Original Trilogy
Yoshi's Island DS,Yoshi's Island DS
Burnout 3: Takedown,Burnout 3: Takedown
Mortal Kombat,Mortal Kombat
Call Of Duty 2: Big Red One,Call Of Duty 2: Big Red One
Medal of Honor,Medal of Honor
Fable,Fable
Tom Clancy's Splinter Cell,Tom Clancy's Splinter Cell
Super Mario Bros. 2 (FDS),Super Mario Bros. 2 (FDS)
Star Wars: Shadows of the Empire,Star Wars: Shadows of the Empire
Hannah Montana,Hannah Montana
Madden NFL 11,Madden NFL 11
Midnight Club: Street Racing,Midnight Club: Street Racing
ESPN NFL 2K5,ESPN NFL 2K5
Madden NFL 12,Madden NFL 12
Call of Duty 3,Call of Duty 3
Harry Potter and the Chamber of Secrets,Harry Potter and the Chamber of Secrets
Mario vs. Donkey Kong: Mini-Land Mayhem!,Mario vs. Donkey Kong: Mini-Land Mayhem!
Medal of Honor,Medal of Honor
Streets of Rage,Streets of Rage
NBA Live 2005,NBA Live 2005
inFAMOUS,inFAMOUS
BioShock,BioShock
Sonic and the Secret Rings,Sonic and the Secret Rings
WWE SmackDown vs. RAW 2007,WWE SmackDown vs. RAW 2007
Ratchet & Clank: Up Your Arsenal,Ratchet & Clank: Up Your Arsenal
Medal of Honor Heroes,Medal of Honor Heroes
Tekken: Dark Resurrection,Tekken: Dark Resurrection
Madden NFL 08,Madden NFL 08
FIFA Soccer 10,FIFA Soccer 10
Star Wars: The Old Republic,Star Wars: The Old Republic
Sonic Adventure 2 Battle,Sonic Adventure 2 Battle
Dragon Warrior II,Dragon Warrior II
Super Mario All-Stars: Limited Edition,Super Mario All-Stars: Limited Edition
Guitar Hero: World Tour,Guitar Hero: World Tour
Star Wars: The Force Unleashed,Star Wars: The Force Unleashed
Zumba Fitness 2,Zumba Fitness 2
PokÃ©mon Colosseum,Pokémon Colosseum
Need for Speed: Shift,Need for Speed: Shift
NBA 2K12,NBA 2K12
God of War Collection,God of War Collection
Crazy Taxi,Crazy Taxi
Perfect Dark,Perfect Dark
Monster Hunter Freedom 2,Monster Hunter Freedom 2
FIFA Soccer 09,FIFA Soccer 09
Tekken 6,Tekken 6
PES 2009: Pro Evolution Soccer,PES 2009: Pro Evolution Soccer
Mario Party 2,Mario Party 2
Madden NFL 09,Madden NFL 09
Rockstar Games Double Pack: Grand Theft Auto III & Grand Theft Auto Vice City,Rockstar Games Double Pack: Grand Theft Auto III & Grand Theft Auto Vice City
Mario Strikers Charged,Mario Strikers Charged
Mortal Kombat: Deadly Alliance,Mortal Kombat: Deadly Alliance
Style Savvy,Style Savvy
Medal of Honor,Medal of Honor
Tomb Raider: The Last Revelation,Tomb Raider: The Last Revelation
Mario Party 4,Mario Party 4
Need for Speed: Hot Pursuit,Need for Speed: Hot Pursuit
Skylanders: Spyro's Adventure,Skylanders: Spyro's Adventure
Madden NFL 13,Madden NFL 13
Marvel: Ultimate Alliance,Marvel: Ultimate Alliance
Final Fantasy Tactics,Final Fantasy Tactics
Final Fantasy V,Final Fantasy V
Deca Sports,Deca Sports
Art Academy,Art Academy
Fallout: New Vegas,Fallout: New Vegas
Saints Row: The Third,Saints Row: The Third
Twisted Metal 2,Twisted Metal 2
Killzone 3,Killzone 3
Professor Layton and the Last Specter,Professor Layton and the Last Specter
The Sims: Bustin' Out,The Sims: Bustin' Out
Mario Party 9,Mario Party 9
Riven: The Sequel to Myst,Riven: The Sequel to Myst
L.A. Noire,L.A. Noire
Sonic Adventure,Sonic Adventure
Ice Hockey,Ice Hockey
Ratchet & Clank Future: Tools of Destruction,Ratchet & Clank Future: Tools of Destruction
Pure,Pure
Dragon Ball Z: Budokai 2,Dragon Ball Z: Budokai 2
Dragon Age: Origins,Dragon Age: Origins
ATV Offroad Fury,ATV Offroad Fury
Dino Crisis,Dino Crisis
Need for Speed: ProStreet,Need for Speed: ProStreet
Tetris Plus,Tetris Plus
Pro Wrestling,Pro Wrestling
Rock Band,Rock Band
Frogger's Adventures: Temple of the Frog,Frogger's Adventures: Temple of the Frog
Monopoly,Monopoly
Guitar Hero,Guitar Hero
WCW/nWo Revenge,WCW/nWo Revenge
Resident Evil 6,Resident Evil 6
Yu-Gi-Oh! The Duelists of the Roses,Yu-Gi-Oh! The Duelists of the Roses
The Incredibles,The Incredibles
Tony Hawk's Underground 2,Tony Hawk's Underground 2
Half-Life 2,Half-Life 2
Kirby's Dream Land 2,Kirby's Dream Land 2
Tom Clancy's Rainbow Six: Vegas 2,Tom Clancy's Rainbow Six: Vegas 2
Need for Speed Carbon: Own the City,Need for Speed Carbon: Own the City
Resistance 2,Resistance 2
Theme Hospital,Theme Hospital
uDraw Studio,uDraw Studio
Donkey Kong Land 2,Donkey Kong Land 2
Battlefield 3,Battlefield 3
pro evolution soccer 2011,pro evolution soccer 2011
Madden NFL 08,Madden NFL 08
WWE SmackDown vs Raw 2008,WWE SmackDown vs Raw 2008
Resident Evil - Code: Veronica X,Resident Evil - Code: Veronica X
Madden NFL 10,Madden NFL 10
Mario Tennis,Mario Tennis
Grand Theft Auto,Grand Theft Auto
James Bond 007: Everything or Nothing,James Bond 007: Everything or Nothing
Borderlands 2,Borderlands 2
Need For Speed: High Stakes,Need For Speed: High Stakes
Chrono Trigger,Chrono Trigger
Madden NFL 11,Madden NFL 11
Final Fantasy XIII-2,Final Fantasy XIII-2
Heavy Rain,Heavy Rain
Halo Wars,Halo Wars
Tomb Raider II,Tomb Raider II
Need for Speed Underground 2,Need for Speed Underground 2
My Fitness Coach,My Fitness Coach
Mario Bros.,Mario Bros.
FIFA Soccer 09,FIFA Soccer 09
TOCA Championship Racing,TOCA Championship Racing
WarioWare Touched!,WarioWare Touched!
Kirby: Nightmare in Dream Land,Kirby: Nightmare in Dream Land
Wario Land 4,Wario Land 4
Onimusha 2: Samurai's Destiny,Onimusha 2: Samurai's Destiny
Paper Mario: The Thousand-Year Door,Paper Mario: The Thousand-Year Door
PokÃ©mon Ranger: Shadows of Almia,Pokémon Ranger: Shadows of Almia
Pro Evolution Soccer 2010,Pro Evolution Soccer 2010
NBA 2K13,NBA 2K13
Sonic Advance,Sonic Advance
Spyro: Season of Ice,Spyro: Season of Ice
Prince of Persia: The Sands of Time,Prince of Persia: The Sands of Time
LEGO Indiana Jones: The Original Adventures,LEGO Indiana Jones: The Original Adventures
The Legend of Zelda: Link's Awakening DX,The Legend of Zelda: Link's Awakening DX
LEGO Harry Potter: Years 1-4,LEGO Harry Potter: Years 1-4
Devil May Cry 3: Dante's Awakening Special Edition,Devil May Cry 3: Dante's Awakening Special Edition
Wario Land 3,Wario Land 3
Star Wars: Knights of the Old Republic,Star Wars: Knights of the Old Republic
Kirby's Pinball Land,Kirby's Pinball Land
Donkey Kong Country,Donkey Kong Country
Yu-Gi-Oh: Duel Monsters 4,Yu-Gi-Oh: Duel Monsters 4
Call of Duty 3,Call of Duty 3
ATV Offroad Fury 2,ATV Offroad Fury 2
LittleBigPlanet,LittleBigPlanet
Mario & Luigi: Superstar Saga,Mario & Luigi: Superstar Saga
Super Monkey Ball: Banana Blitz,Super Monkey Ball: Banana Blitz
Star Wars: Rogue Squadron,Star Wars: Rogue Squadron
Tennis,Tennis
The Sims: House Party,The Sims: House Party
Dissidia: Final Fantasy,Dissidia: Final Fantasy
Guitar Hero III: Legends of Rock,Guitar Hero III: Legends of Rock
Syphon Filter 2,Syphon Filter 2
Volleyball,Volleyball
Far Cry 3,Far Cry 3
Madden NFL 12,Madden NFL 12
Rock Band 2,Rock Band 2
Mahjong,Mahjong
Super Mario RPG: Legend of the Seven Stars,Super Mario RPG: Legend of the Seven Stars
SimCity 2000,SimCity 2000
Halo: Combat Evolved Anniversary,Halo: Combat Evolved Anniversary
Sonic's Ultimate Genesis Collection,Sonic's Ultimate Genesis Collection
Saints Row,Saints Row
Dance Dance Revolution Extreme,Dance Dance Revolution Extreme
Resident Evil 4,Resident Evil 4
Final Fantasy Tactics Advance,Final Fantasy Tactics Advance
Grand Theft Auto: Episodes from Liberty City,Grand Theft Auto: Episodes from Liberty City
Kinect Sports: Season Two,Kinect Sports: Season Two
Pro Evolution Soccer 2012,Pro Evolution Soccer 2012
Project Gotham Racing,Project Gotham Racing
Golf,Golf
Midnight Club: Los Angeles,Midnight Club: Los Angeles
Mortal Kombat,Mortal Kombat
LEGO Indiana Jones: The Original Adventures,LEGO Indiana Jones: The Original Adventures
PokÃ©mon Ranger,Pokémon Ranger
Kinect: Disneyland Adventures,Kinect: Disneyland Adventures
Tony Hawk's Pro Skater,Tony Hawk's Pro Skater
Need for Speed: Hot Pursuit 2,Need for Speed: Hot Pursuit 2
Dynasty Warriors 4,Dynasty Warriors 4
Parasite Eve,Parasite Eve
Scooby-Doo! Night of 100 Frights,Scooby-Doo! Night of 100 Frights
Project Gotham Racing (JP weekly sales),Project Gotham Racing (JP weekly sales)
LEGO Harry Potter: Years 1-4,LEGO Harry Potter: Years 1-4
Guitar Hero II,Guitar Hero II
Devil May Cry 3: Dante's Awakening,Devil May Cry 3: Dante's Awakening
Monster Hunter Tri,Monster Hunter Tri
Finding Nemo,Finding Nemo
Tetris Worlds,Tetris Worlds
PES 2009: Pro Evolution Soccer,PES 2009: Pro Evolution Soccer
Mario Party 5,Mario Party 5
Warcraft: Orcs & Humans,Warcraft: Orcs & Humans
Spec Ops: Airborne Commando,Spec Ops: Airborne Commando
Tetris DS,Tetris DS
Yu-Gi-Oh! The Eternal Duelist Soul,Yu-Gi-Oh! The Eternal Duelist Soul
Dead Island,Dead Island
Saints Row: The Third,Saints Row: The Third
The Incredibles,The Incredibles
PokÃ©mon Mystery Dungeon: Red Rescue Team,Pokémon Mystery Dungeon: Red Rescue Team
R4: Ridge Racer Type 4,R4: Ridge Racer Type 4
SoulCalibur II,SoulCalibur II
Call of Duty: Roads to Victory,Call of Duty: Roads to Victory
Sim Theme Park,Sim Theme Park
Sonic Mega Collection,Sonic Mega Collection
Street Fighter IV,Street Fighter IV
NBA Jam,NBA Jam
The Sims 2: Pets,The Sims 2: Pets
Rock Band,Rock Band
SOCOM: U.S. Navy SEALs: Combined Assault,SOCOM: U.S. Navy SEALs: Combined Assault
Peter Jackson's King Kong: The Official Game of the Movie,Peter Jackson's King Kong: The Official Game of the Movie
Donkey Kong Country,Donkey Kong Country
Madden NFL 13,Madden NFL 13
NBA 2K11,NBA 2K11
1080Â°: TenEighty Snowboarding,1080º: TenEighty Snowboarding
NBA Live 2004,NBA Live 2004
Mario Sports Mix,Mario Sports Mix
BioShock 2,BioShock 2
Final Fantasy III,Final Fantasy III
Midnight Club: Los Angeles,Midnight Club: Los Angeles
UFC 2009 Undisputed,UFC 2009 Undisputed
Tom Clancy's Splinter Cell: Conviction,Tom Clancy's Splinter Cell: Conviction
Dragon Warrior,Dragon Warrior
Super Street Fighter II,Super Street Fighter II
Need for Speed: Hot Pursuit,Need for Speed: Hot Pursuit
Kirby's Epic Yarn,Kirby's Epic Yarn
Need for Speed: ProStreet,Need for Speed: ProStreet
Dead Rising,Dead Rising
Tenchu: Stealth Assassins,Tenchu: Stealth Assassins
NBA 2K12,NBA 2K12
Harry Potter and the Chamber of Secrets,Harry Potter and the Chamber of Secrets
Harry Potter and the Chamber of Secrets,Harry Potter and the Chamber of Secrets
SimCity,SimCity
PokÃ©mon Mystery Dungeon: Blue Rescue Team,Pokémon Mystery Dungeon: Blue Rescue Team
Yoshi,Yoshi
Spyro: Enter the Dragonfly,Spyro: Enter the Dragonfly
Zumba Fitness,Zumba Fitness
PGR4 - Project Gotham Racing 4,PGR4 - Project Gotham Racing 4
Devil May Cry 2,Devil May Cry 2
Sonic Unleashed,Sonic Unleashed
TouchMaster,TouchMaster
Just Dance Kids,Just Dance Kids
Rayman Raving Rabbids: TV Party,Rayman Raving Rabbids: TV Party
Rad Racer,Rad Racer
Soccer,Soccer
Scribblenauts,Scribblenauts
Need for Speed: ProStreet,Need for Speed: ProStreet
Crash Nitro Kart,Crash Nitro Kart
Grand Theft Auto: San Andreas,Grand Theft Auto: San Andreas
The 7th Guest,The 7th Guest
Star Wars: Dark Forces,Star Wars: Dark Forces
Star Wars: The Force Unleashed,Star Wars: The Force Unleashed
NBA Street Vol. 2,NBA Street Vol. 2
Final Fantasy XIII,Final Fantasy XIII
Def Jam Vendetta,Def Jam Vendetta
Alleyway,Alleyway
Scooby Doo and the Cyber Chase,Scooby Doo and the Cyber Chase
Dragon Ball Z: Budokai 3,Dragon Ball Z: Budokai 3
Jet Moto 2,Jet Moto 2
Tom Clancy's Ghost Recon,Tom Clancy's Ghost Recon
X-Men Legends,X-Men Legends
Virtua Fighter 2,Virtua Fighter 2
Mortal Kombat II,Mortal Kombat II
LEGO Star Wars: The Complete Saga,LEGO Star Wars: The Complete Saga
Tetris DX,Tetris DX
Skylanders Giants,Skylanders Giants
Need for Speed: Most Wanted 5-1-0,Need for Speed: Most Wanted 5-1-0
The Legend of Zelda: Oracle of Ages,The Legend of Zelda: Oracle of Ages
FIFA Soccer 09,FIFA Soccer 09
Hot Shots Golf: Open Tee,Hot Shots Golf: Open Tee
Wipeout: The Game,Wipeout: The Game
Your Shape featuring Jenny McCarthy,Your Shape featuring Jenny McCarthy
Red Faction,Red Faction
The Sims: Makin' Magic,The Sims: Makin' Magic
MX Unleashed,MX Unleashed
Metal Gear Solid: Peace Walker,Metal Gear Solid: Peace Walker
PaRappa The Rapper,PaRappa The Rapper
Kirby Squeak Squad,Kirby Squeak Squad
Mario Party 3,Mario Party 3
Tom Clancy's Rainbow Six: Vegas,Tom Clancy's Rainbow Six: Vegas
Just Dance 3,Just Dance 3
Star Wars Rogue Leader: Rogue Squadron II,Star Wars Rogue Leader: Rogue Squadron II
Dance Central 2,Dance Central 2
Need For Speed: Undercover,Need For Speed: Undercover
Kingdom Hearts: Birth by Sleep,Kingdom Hearts: Birth by Sleep
Kingdom Hearts 358/2 Days,Kingdom Hearts 358/2 Days
Yu-Gi-Oh! Forbidden Memories,Yu-Gi-Oh! Forbidden Memories
Mortal Kombat: Deception,Mortal Kombat: Deception
Hot Shots Golf 2,Hot Shots Golf 2
Medal of Honor: European Assault (All Region sales),Medal of Honor: European Assault (All Region sales)
Far Cry 3,Far Cry 3
WCW Nitro,WCW Nitro
Star Fox Adventures,Star Fox Adventures
FIFA 2000,FIFA 2000
Dynasty Warriors 3,Dynasty Warriors 3
Call of Duty: World at War,Call of Duty: World at War
The Legend of Zelda: Oracle of Seasons,The Legend of Zelda: Oracle of Seasons
Madden NFL 06,Madden NFL 06
Shrek 2,Shrek 2
The Legend of Dragoon,The Legend of Dragoon
Turok 2: Seeds of Evil,Turok 2: Seeds of Evil
SingStar,SingStar
Dead Space,Dead Space
NBA Live 2002,NBA Live 2002
Chrono Cross,Chrono Cross
Jak 3,Jak 3
Kingdom Hearts: Chain of Memories,Kingdom Hearts: Chain of Memories
Pinball,Pinball
Gran Turismo Concept 2001 Tokyo,Gran Turismo Concept 2001 Tokyo
Madden NFL 09,Madden NFL 09
NCAA Football 06,NCAA Football 06
"Hey You, Pikachu!","Hey You, Pikachu!"
Jet Moto,Jet Moto
Secret of Mana,Secret of Mana
Game Party 2,Game Party 2
Mario Super Sluggers,Mario Super Sluggers
Air Combat,Air Combat
Call of Duty 2,Call of Duty 2
Need for Speed: Shift,Need for Speed: Shift
Sonic & Knuckles,Sonic & Knuckles
Namco Museum,Namco Museum
The Sims: Hot Date,The Sims: Hot Date
DDRMAX2: Dance Dance Revolution,DDRMAX2: Dance Dance Revolution
Guitar Hero: World Tour,Guitar Hero: World Tour
Crazy Taxi,Crazy Taxi
Virtua Fighter 4,Virtua Fighter 4
LEGO Star Wars: The Complete Saga,LEGO Star Wars: The Complete Saga
Toy Story 3: The Video Game,Toy Story 3: The Video Game
Sly 2: Band of Thieves,Sly 2: Band of Thieves
Sonic Advance 2,Sonic Advance 2
NFL GameDay 2000,NFL GameDay 2000
Dead Island,Dead Island
Borderlands,Borderlands
The Lion King,The Lion King
Midnight Club II,Midnight Club II
Rayman Raving Rabbids 2,Rayman Raving Rabbids 2
SpongeBob SquarePants: SuperSponge,SpongeBob SquarePants: SuperSponge
Madden NFL 07,Madden NFL 07
The Getaway: Black Monday,The Getaway: Black Monday
Need for Speed: The Run,Need for Speed: The Run
50 Cent: Bulletproof,50 Cent: Bulletproof
Final Fantasy II,Final Fantasy II
Kirby 64: The Crystal Shards,Kirby 64: The Crystal Shards
Dead or Alive 3,Dead or Alive 3
Phineas and Ferb,Phineas and Ferb
Metroid II: Return of Samus,Metroid II: Return of Samus
WWF Attitude,WWF Attitude
The SpongeBob SquarePants Movie,The SpongeBob SquarePants Movie
Golden Sun,Golden Sun
Kid Icarus,Kid Icarus
Sonic the Hedgehog 3,Sonic the Hedgehog 3
Def Jam: Fight for NY,Def Jam: Fight for NY
Tom Clancy's Ghost Recon,Tom Clancy's Ghost Recon
State of Emergency,State of Emergency
The Urbz: Sims in the City,The Urbz: Sims in the City
Burnout Paradise,Burnout Paradise
Star Wars: Starfighter,Star Wars: Starfighter
Madden NFL 2000,Madden NFL 2000
Star Wars Battlefront,Star Wars Battlefront
Pro Evolution Soccer,Pro Evolution Soccer
Star Wars: The Force Unleashed,Star Wars: The Force Unleashed
Kirby's Adventure,Kirby's Adventure
Disney's Aladdin,Disney's Aladdin
GoldenEye 007 (2010),GoldenEye 007 (2010)
Star Wars Episode I: The Phantom Menace,Star Wars Episode I: The Phantom Menace
Xenosaga Episode I: Der Wille zur Macht,Xenosaga Episode I: Der Wille zur Macht
Dragon Quest Monsters: Joker,Dragon Quest Monsters: Joker
Madden NFL 99,Madden NFL 99
SSX Tricky,SSX Tricky
Twisted Metal III,Twisted Metal III
Nintendo Land,Nintendo Land
Harry Potter and the Sorcerer's Stone,Harry Potter and the Sorcerer's Stone
Rockstar Games Double Pack: Grand Theft Auto III & Grand Theft Auto Vice City,Rockstar Games Double Pack: Grand Theft Auto III & Grand Theft Auto Vice City
Call of Duty: World at War Final Fronts,Call of Duty: World at War Final Fronts
Need for Speed: Most Wanted - A Criterion Game,Need for Speed: Most Wanted - A Criterion Game
Madden NFL 2005,Madden NFL 2005
Star Ocean: Till The End of Time,Star Ocean: Till The End of Time
NBA 2K11,NBA 2K11
Toy Story 2: Buzz Lightyear to the Rescue!,Toy Story 2: Buzz Lightyear to the Rescue!
Ace Combat 5: The Unsung War,Ace Combat 5: The Unsung War
Need for Speed Underground,Need for Speed Underground
Tetris Worlds,Tetris Worlds
FIFA Soccer 08,FIFA Soccer 08
The Orange Box,The Orange Box
The Sims 2: University,The Sims 2: University
UFC 2009 Undisputed,UFC 2009 Undisputed
FIFA Soccer 10,FIFA Soccer 10
NBA 2K13,NBA 2K13
Super Puyo Puyo,Super Puyo Puyo
Guild Wars 2,Guild Wars 2
NCAA Football 07,NCAA Football 07
SOCOM 3: U.S. Navy SEALs,SOCOM 3: U.S. Navy SEALs
Jampack Winter '99,Jampack Winter '99
WCW vs. nWo: World Tour,WCW vs. nWo: World Tour
Crackdown,Crackdown
WCW/NWO Thunder,WCW/NWO Thunder
Harry Potter and the Sorcerer's Stone,Harry Potter and the Sorcerer's Stone
Dragon Ball Z: The Legacy of Goku,Dragon Ball Z: The Legacy of Goku
Ratchet & Clank Future: A Crack in Time,Ratchet & Clank Future: A Crack in Time
Imagine: Teacher,Imagine: Teacher
Resident Evil 4,Resident Evil 4
World Championship Poker: Featuring Howard Lederer - All In,World Championship Poker: Featuring Howard Lederer - All In
Demon's Souls,Demon's Souls
NFL GameDay 98,NFL GameDay 98
Mortal Kombat vs DC Universe,Mortal Kombat vs DC Universe
Yoshi's Cookie,Yoshi's Cookie
Time Crisis,Time Crisis
Ben 10: Protector of Earth,Ben 10: Protector of Earth
The Sims: Superstar,The Sims: Superstar
Metroid Fusion,Metroid Fusion
SSX 3,SSX 3
Madden NFL 2001,Madden NFL 2001
Toy Story Mania!,Toy Story Mania!
Star Wars Battlefront II,Star Wars Battlefront II
"Monsters, Inc.","Monsters, Inc."
Tony Hawk's Pro Skater 3,Tony Hawk's Pro Skater 3
Disney's DuckTales,Disney's DuckTales
PGR: Project Gotham Racing 2,PGR: Project Gotham Racing 2
Spy Hunter,Spy Hunter
NCAA Football 2004,NCAA Football 2004
SpongeBob SquarePants: Battle for Bikini Bottom,SpongeBob SquarePants: Battle for Bikini Bottom
The Beatles: Rock Band,The Beatles: Rock Band
Street Fighter II': Special Champion Edition,Street Fighter II': Special Champion Edition
SSX,SSX
NBA Ballers,NBA Ballers
NBA Live 2003,NBA Live 2003
Dragon Ball Z: Budokai Tenkaichi,Dragon Ball Z: Budokai Tenkaichi
Street Fighter IV,Street Fighter IV
Personal Trainer: Math,Personal Trainer: Math
Mario Party 6,Mario Party 6
Super Scope 6,Super Scope 6
Metroid Prime 3: Corruption,Metroid Prime 3: Corruption
Kirby & the Amazing Mirror,Kirby & the Amazing Mirror
Tom Clancy's Rainbow Six,Tom Clancy's Rainbow Six
Ghosts 'n Goblins,Ghosts 'n Goblins
Tiger Woods PGA Tour 2003,Tiger Woods PGA Tour 2003
NBA Live 06 (All region sales),NBA Live 06 (All region sales)
Prince of Persia: Warrior Within,Prince of Persia: Warrior Within
Big Beach Sports,Big Beach Sports
New Super Mario Bros. U,New Super Mario Bros. U
ESPN NFL 2K5,ESPN NFL 2K5
Fight Night Round 3,Fight Night Round 3
Pikmin,Pikmin
Tiger Woods PGA Tour 2004,Tiger Woods PGA Tour 2004
We Ski,We Ski
Portal 2,Portal 2
Ape Escape,Ape Escape
NCAA Football 2005,NCAA Football 2005
Shaun White Snowboarding: Road Trip,Shaun White Snowboarding: Road Trip
Tony Hawk's American Wasteland (Old all region sales),Tony Hawk's American Wasteland (Old all region sales)
Kirby Air Ride,Kirby Air Ride
Star Wars Battlefront: Renegade Squadron,Star Wars Battlefront: Renegade Squadron
Sled Storm,Sled Storm
NFL Street 2,NFL Street 2
Dragon Quest VI: Realms of Revelation,Dragon Quest VI: Realms of Revelation
Yu-Gi-Oh! Duel Monsters,Yu-Gi-Oh! Duel Monsters
Super Mario Strikers,Super Mario Strikers
Buzz! The Music Quiz,Buzz! The Music Quiz
Midnight Club 3: DUB Edition (America/Others Sales),Midnight Club 3: DUB Edition (America/Others Sales)
F-1 World Grand Prix,F-1 World Grand Prix
Silent Hill,Silent Hill
Sonic Heroes,Sonic Heroes
Saints Row 2,Saints Row 2
ESPN NBA 2K5,ESPN NBA 2K5
Grand Theft Auto: Episodes from Liberty City,Grand Theft Auto: Episodes from Liberty City
The Legend of Zelda: Twilight Princess,The Legend of Zelda: Twilight Princess
Army of Two,Army of Two
The Sims 3: Pets,The Sims 3: Pets
Soul Blade,Soul Blade
Dragon Quest IV: Chapters of the Chosen,Dragon Quest IV: Chapters of the Chosen
NASCAR 2000,NASCAR 2000
MySims,MySims
Need for Speed Carbon,Need for Speed Carbon
Star Wars The Clone Wars: Lightsaber Duels,Star Wars The Clone Wars: Lightsaber Duels
Jampack Summer 2K,Jampack Summer 2K
Spyro 2: Season of Flame,Spyro 2: Season of Flame
Pro Evolution Soccer 2008,Pro Evolution Soccer 2008
Heavenly Sword,Heavenly Sword
Pro Evolution Soccer 2010,Pro Evolution Soccer 2010
NCAA Football 2002,NCAA Football 2002
Mario Hoops 3 on 3,Mario Hoops 3 on 3
Viva Pinata,Viva Pinata
Conflict: Desert Storm,Conflict: Desert Storm
Mario Party 7,Mario Party 7
Mortal Kombat,Mortal Kombat
Just Cause 2,Just Cause 2
Smuggler's Run,Smuggler's Run
Fight Night Round 3,Fight Night Round 3
Donkey Kong Classics,Donkey Kong Classics
Twisted Metal,Twisted Metal
Final Fight,Final Fight
Pokemon Pinball: Ruby & Sapphire,Pokemon Pinball: Ruby & Sapphire
Stuntman,Stuntman
Skate 3,Skate 3
Tom Clancy's Rainbow Six 3,Tom Clancy's Rainbow Six 3
Mortal Kombat vs DC Universe,Mortal Kombat vs DC Universe
Spider-Man 2: Enter: Electro,Spider-Man 2: Enter: Electro
007: The World is not Enough,007: The World is not Enough
Rock Band,Rock Band
Hannah Montana: Music Jam,Hannah Montana: Music Jam
inFAMOUS 2,inFAMOUS 2
Command & Conquer: Tiberian Sun,Command & Conquer: Tiberian Sun
Dark Cloud,Dark Cloud
Warcraft III: The Frozen Throne,Warcraft III: The Frozen Throne
MVP Baseball 2005,MVP Baseball 2005
Far Cry 2,Far Cry 2
SpongeBob's Atlantis SquarePantis,SpongeBob's Atlantis SquarePantis
Resident Evil 6,Resident Evil 6
Die Hard Trilogy,Die Hard Trilogy
Kirby's Return to Dreamland,Kirby's Return to Dreamland
Warcraft III: Reign of Chaos,Warcraft III: Reign of Chaos
Mortal Kombat 3,Mortal Kombat 3
Guitar Hero: On Tour Decades,Guitar Hero: On Tour Decades
NFL GameDay 99,NFL GameDay 99
Dragon Quest V: Hand of the Heavenly Bride,Dragon Quest V: Hand of the Heavenly Bride
High School Musical 3: Senior Year,High School Musical 3: Senior Year
Mario Golf: Toadstool Tour,Mario Golf: Toadstool Tour
Tiger Woods 99 PGA Tour Golf,Tiger Woods 99 PGA Tour Golf
PokÃ©mon Mystery Dungeon: Explorers of Sky,Pokémon Mystery Dungeon: Explorers of Sky
Game Party 3,Game Party 3
Knockout Kings,Knockout Kings
The Simpsons Skateboarding,The Simpsons Skateboarding
Need For Speed: Undercover,Need For Speed: Undercover
Active Life: Outdoor Challenge,Active Life: Outdoor Challenge
PokÃ©mon Battle Revolution,Pokémon Battle Revolution
NASCAR 98,NASCAR 98
F1 Race,F1 Race
NASCAR 99,NASCAR 99
NBA Live 2000,NBA Live 2000
Super Monkey Ball 2,Super Monkey Ball 2
Pac-Man World 2,Pac-Man World 2
SoulCalibur IV,SoulCalibur IV
Assassin's Creed: Bloodlines,Assassin's Creed: Bloodlines
Simpsons Wrestling,Simpsons Wrestling
MySims Kingdom,MySims Kingdom
NBA Live 98,NBA Live 98
The Simpsons Game,The Simpsons Game
Monopoly,Monopoly
Gran Turismo 4 Prologue,Gran Turismo 4 Prologue
SoulCalibur II,SoulCalibur II
Tokyo Xtreme Racer Zero,Tokyo Xtreme Racer Zero
NFL Blitz,NFL Blitz
Red Faction II,Red Faction II
Madden NFL 2001,Madden NFL 2001
WWF No Mercy,WWF No Mercy
Sonic CD,Sonic CD
Ice Climber,Ice Climber
Ninja Hattori Kun: Ninja wa Shuugyou Degogiru no Maki,Ninja Hattori Kun: Ninja wa Shuugyou Degogiru no Maki
Mega Man 2,Mega Man 2
Dragon Age: Origins,Dragon Age: Origins
Pac-Man World,Pac-Man World
Final Fantasy: Crystal Chronicles,Final Fantasy: Crystal Chronicles
Resident Evil: The Umbrella Chronicles,Resident Evil: The Umbrella Chronicles
Medal of Honor: Frontline,Medal of Honor: Frontline
Madden NFL 09,Madden NFL 09
Banjo-Tooie,Banjo-Tooie
Buzz! The BIG Quiz,Buzz! The BIG Quiz
Hitman: Absolution,Hitman: Absolution
Dirge of Cerberus: Final Fantasy VII,Dirge of Cerberus: Final Fantasy VII
MySims Kingdom,MySims Kingdom
Nintendo World Cup,Nintendo World Cup
Wario Land II,Wario Land II
WWF WrestleMania 2000,WWF WrestleMania 2000
Tom Clancy's Ghost Recon Advanced Warfighter,Tom Clancy's Ghost Recon Advanced Warfighter
Major League Baseball 2K5,Major League Baseball 2K5
Fight Night 2004,Fight Night 2004
Tom Clancy's Splinter Cell: Pandora Tomorrow,Tom Clancy's Splinter Cell: Pandora Tomorrow
Rage,Rage
Guitar Hero 5,Guitar Hero 5
The Simpsons Game,The Simpsons Game
Mario Golf,Mario Golf
Disney Princess,Disney Princess
Imagine: Master Chef,Imagine: Master Chef
Call of Duty: Modern Warfare: Reflex Edition,Call of Duty: Modern Warfare: Reflex Edition
New Play Control! Mario Power Tennis,New Play Control! Mario Power Tennis
Xenogears,Xenogears
The SpongeBob SquarePants Movie,The SpongeBob SquarePants Movie
Midway Arcade Treasures,Midway Arcade Treasures
Triple Play 99,Triple Play 99
Devil May Cry 4,Devil May Cry 4
Super Monkey Ball,Super Monkey Ball
Disney Sing It: Pop Hits,Disney Sing It: Pop Hits
Mortal Kombat 4,Mortal Kombat 4
Mario Superstar Baseball,Mario Superstar Baseball
WCW vs the World,WCW vs the World
Onimusha 3: Demon Siege,Onimusha 3: Demon Siege
Red Dead Revolver,Red Dead Revolver
Resident Evil Outbreak,Resident Evil Outbreak
Tamagotchi,Tamagotchi
Namco Museum 64,Namco Museum 64
Sonic Colors,Sonic Colors
Dark Souls,Dark Souls
Call of Duty: Black Ops,Call of Duty: Black Ops
Drawn To Life: SpongeBob SquarePants Edition,Drawn To Life: SpongeBob SquarePants Edition
SingStar Pop,SingStar Pop
Kirby Super Star,Kirby Super Star
Tiger Woods PGA Tour 2005,Tiger Woods PGA Tour 2005
NCAA Football 2003,NCAA Football 2003
Frogger 2: Swampy's Revenge,Frogger 2: Swampy's Revenge
Disney's DuckTales,Disney's DuckTales
Classic NES Series: Super Mario Bros.,Classic NES Series: Super Mario Bros.
Triple Play 2000,Triple Play 2000
Wall-E,Wall-E
Rock Band 2,Rock Band 2
Fight Night Round 4,Fight Night Round 4
Fight Night Round 3,Fight Night Round 3
NBA Live 06 (Weekly american sales),NBA Live 06 (Weekly american sales)
Disney Fairies: Tinker Bell,Disney Fairies: Tinker Bell
The Legend of Zelda: The Minish Cap,The Legend of Zelda: The Minish Cap
NFL Street,NFL Street
Super Metroid,Super Metroid
Resident Evil,Resident Evil
Just Cause 2,Just Cause 2
LEGO Star Wars: The Video Game,LEGO Star Wars: The Video Game
My Word Coach,My Word Coach
The Lion King,The Lion King
Knockout Kings 2000,Knockout Kings 2000
Twisted Metal: Black,Twisted Metal: Black
NASCAR 2005: Chase for the Cup,NASCAR 2005: Chase for the Cup
Spider-Man: The Movie,Spider-Man: The Movie
Football Manager 2012,Football Manager 2012
The House of the Dead 2 & 3 Return,The House of the Dead 2 & 3 Return
Need For Speed: Undercover,Need For Speed: Undercover
Sonic Advance 3,Sonic Advance 3
Final Fantasy III,Final Fantasy III
007: Quantum of Solace,007: Quantum of Solace
Paper Mario: Sticker Star,Paper Mario: Sticker Star
WWE SmackDown vs Raw 2008,WWE SmackDown vs Raw 2008
Colin McRae Rally 3,Colin McRae Rally 3
Tiger Woods PGA Tour 09 All-Play,Tiger Woods PGA Tour 09 All-Play
Portal 2,Portal 2
Madden NFL 2002,Madden NFL 2002
Smarty Pants,Smarty Pants
Battlefield: Bad Company,Battlefield: Bad Company
NBA Jam,NBA Jam
Dynasty Warriors 5,Dynasty Warriors 5
Call of Duty 3,Call of Duty 3
Hitman: Absolution,Hitman: Absolution
Hasbro Family Game Night,Hasbro Family Game Night
Kinectimals,Kinectimals
True Crime: Streets of LA,True Crime: Streets of LA
Homefront,Homefront
Paper Mario,Paper Mario
Duke Nukem: Time to Kill,Duke Nukem: Time to Kill
Hannah Montana: Spotlight World Tour,Hannah Montana: Spotlight World Tour
Dave Mirra Freestyle BMX 2,Dave Mirra Freestyle BMX 2
LEGO Indiana Jones: The Original Adventures,LEGO Indiana Jones: The Original Adventures
A Collection of Activision Classic Games for the Atari 2600,A Collection of Activision Classic Games for the Atari 2600
Ridge Racer,Ridge Racer
BioShock 2,BioShock 2
Star Wars Knights of the Old Republic II: The Sith Lords,Star Wars Knights of the Old Republic II: The Sith Lords
Pocket Monsters Stadium,Pocket Monsters Stadium
Sid Meier's Civilization V,Sid Meier's Civilization V
Sonic Classic Collection,Sonic Classic Collection
Tom Clancy's Ghost Recon 2,Tom Clancy's Ghost Recon 2
Borderlands 2,Borderlands 2
SingStar Abba,SingStar Abba
Dead to Rights,Dead to Rights
Sonic Rivals,Sonic Rivals
LEGO Star Wars III: The Clone Wars,LEGO Star Wars III: The Clone Wars
Dragon Quest Monsters: Joker 2,Dragon Quest Monsters: Joker 2
The Sims 3: Late Night Expansion Pack,The Sims 3: Late Night Expansion Pack
Rayman Raving Rabbids,Rayman Raving Rabbids
LEGO Star Wars II: The Original Trilogy,LEGO Star Wars II: The Original Trilogy
Madden NFL 98,Madden NFL 98
Sega Genesis Collection,Sega Genesis Collection
Samurai Warriors,Samurai Warriors
The Simpsons: Hit & Run,The Simpsons: Hit & Run
SoulCalibur IV,SoulCalibur IV
SaGa Frontier,SaGa Frontier
SingStar Party,SingStar Party
Inazuma Eleven 2: Blizzard / Firestorm,Inazuma Eleven 2: Blizzard / Firestorm
Test Drive,Test Drive
Super Scribblenauts,Super Scribblenauts
Final Fantasy XII: Revenant Wings,Final Fantasy XII: Revenant Wings
Fight Night Round 4,Fight Night Round 4
Mortal Kombat 3,Mortal Kombat 3
Doom 3,Doom 3
Dead Space 2,Dead Space 2
Donkey Kong Jungle Beat,Donkey Kong Jungle Beat
Need for Speed Carbon,Need for Speed Carbon
FIFA Soccer 08,FIFA Soccer 08
Max Payne 2: The Fall of Max Payne,Max Payne 2: The Fall of Max Payne
MVP Baseball 2004,MVP Baseball 2004
FIFA Soccer 08,FIFA Soccer 08
Spider-Man: The Movie,Spider-Man: The Movie
WWF War Zone,WWF War Zone
Tony Hawk's Pro Skater,Tony Hawk's Pro Skater
The Sims: Bustin' Out,The Sims: Bustin' Out
Triple Play 2001,Triple Play 2001
Metroid Prime 2: Echoes,Metroid Prime 2: Echoes
Corvette,Corvette
UFC Undisputed 2010,UFC Undisputed 2010
Command & Conquer: Red Alert 2,Command & Conquer: Red Alert 2
Dead Rising 2,Dead Rising 2
Gyromite,Gyromite
NFL 2K3,NFL 2K3
Fighting Force,Fighting Force
Mega Man Battle Network 4: Red Sun / Blue Moon,Mega Man Battle Network 4: Red Sun / Blue Moon
Madden NFL 97,Madden NFL 97
TNN Motor Sports Hardcore 4x4,TNN Motor Sports Hardcore 4x4
Hello Kitty Party,Hello Kitty Party
Ridge Racer 7,Ridge Racer 7
IHRA Drag Racing 2,IHRA Drag Racing 2
FIFA Soccer 09,FIFA Soccer 09
Madagascar,Madagascar
Rugrats Studio Tour,Rugrats Studio Tour
Sonic Rivals 2,Sonic Rivals 2
Turok: Evolution,Turok: Evolution
Kinect Star Wars,Kinect Star Wars
Burnout 3: Takedown,Burnout 3: Takedown
Yu-Gi-Oh! The Sacred Cards,Yu-Gi-Oh! The Sacred Cards
Hasbro Family Game Night 2,Hasbro Family Game Night 2
NBA Live 07,NBA Live 07
LEGO Indiana Jones 2: The Adventure Continues,LEGO Indiana Jones 2: The Adventure Continues
Yoshi's Cookie,Yoshi's Cookie
Monster Hunter Freedom,Monster Hunter Freedom
World of Warcraft: Mists of Pandaria,World of Warcraft: Mists of Pandaria
SingStar '80s,SingStar '80s
Dead Space,Dead Space
Test Drive 5,Test Drive 5
R.B.I. Baseball 2,R.B.I. Baseball 2
Lost Planet: Extreme Condition,Lost Planet: Extreme Condition
Digimon World,Digimon World
Tom Clancy's Rainbow Six: Vegas 2,Tom Clancy's Rainbow Six: Vegas 2
Mega Man Battle Network 3 Blue / White Version,Mega Man Battle Network 3 Blue / White Version
Resident Evil Zero,Resident Evil Zero
Far Cry 2,Far Cry 2
Need for Speed Underground Rivals,Need for Speed Underground Rivals
Pirates of the Caribbean: The Curse of the Black Pearl,Pirates of the Caribbean: The Curse of the Black Pearl
Transformers,Transformers
Super Street Fighter IV,Super Street Fighter IV
Gardening Mama,Gardening Mama
Skate 3,Skate 3
Moshi Monsters: Moshling Zoo,Moshi Monsters: Moshling Zoo
Devil May Cry 4,Devil May Cry 4
Midnight Club 3: DUB Edition (America weekly sales),Midnight Club 3: DUB Edition (America weekly sales)
Petz Wild Animals: Dolphinz,Petz Wild Animals: Dolphinz
Champions of Norrath,Champions of Norrath
Resistance 3,Resistance 3
WWE SmackDown vs Raw 2008,WWE SmackDown vs Raw 2008
Mafia II,Mafia II
Army Men 3D,Army Men 3D
MAG: Massive Action Game,MAG: Massive Action Game
Twisted Metal 4,Twisted Metal 4
Manhunt,Manhunt
The Sims 2,The Sims 2
Silent Hill 2,Silent Hill 2
Disney Princess: Magical Jewels,Disney Princess: Magical Jewels
Castlevania: Symphony of the Night,Castlevania: Symphony of the Night
LEGO Batman: The Videogame,LEGO Batman: The Videogame
Road Rash,Road Rash
Tony Hawk's Underground,Tony Hawk's Underground
Hogan's Alley,Hogan's Alley
Xevious,Xevious
Burnout Paradise,Burnout Paradise
Imagine: Wedding Designer,Imagine: Wedding Designer
.hack//Infection Part 1,.hack//Infection Part 1
Forza: Horizon,Forza: Horizon
Sonic Adventure DX: Director's Cut,Sonic Adventure DX: Director's Cut
Jet Li: Rise to Honor,Jet Li: Rise to Honor
Battle Arena Toshinden,Battle Arena Toshinden
Devil Dice,Devil Dice
EA Playground,EA Playground
Mafia II,Mafia II
NBA 2K9,NBA 2K9
Grand Theft Auto: Chinatown Wars,Grand Theft Auto: Chinatown Wars
Toy Story 3: The Video Game,Toy Story 3: The Video Game
Bakugan: Battle Brawlers,Bakugan: Battle Brawlers
Wheel of Fortune,Wheel of Fortune
The Beatles: Rock Band,The Beatles: Rock Band
High School Musical 3: Senior Year DANCE!,High School Musical 3: Senior Year DANCE!
Dead Space 2,Dead Space 2
[Prototype],[Prototype]
Call of Duty: Black Ops,Call of Duty: Black Ops
UFC Undisputed 2010,UFC Undisputed 2010
NBA Live 2001,NBA Live 2001
Star Wars: The Force Unleashed,Star Wars: The Force Unleashed
Star Wars: The Force Unleashed II,Star Wars: The Force Unleashed II
Disney Princess: Enchanted Journey,Disney Princess: Enchanted Journey
Gegege no Kitarou 2: Youkai Gundan no Chousen,Gegege no Kitarou 2: Youkai Gundan no Chousen
Reel Fishing,Reel Fishing
Max Payne 3,Max Payne 3
F1 2010,F1 2010
LEGO Pirates of the Caribbean: The Video Game,LEGO Pirates of the Caribbean: The Video Game
PokÃ©mon XD: Gale of Darkness,Pokémon XD: Gale of Darkness
Black,Black
Kinect Joy Ride,Kinect Joy Ride
Rockstar Games presents Table Tennis,Rockstar Games presents Table Tennis
Battlefield: Bad Company,Battlefield: Bad Company
Lara Croft Tomb Raider: The Angel of Darkness,Lara Croft Tomb Raider: The Angel of Darkness
Tom Clancy's Splinter Cell: Pandora Tomorrow,Tom Clancy's Splinter Cell: Pandora Tomorrow
Road Rash 3D,Road Rash 3D
Ratchet: Deadlocked,Ratchet: Deadlocked
Baldur's Gate: Dark Alliance,Baldur's Gate: Dark Alliance
Gold's Gym: Cardio Workout,Gold's Gym: Cardio Workout
Oddworld: Abe's Oddysee,Oddworld: Abe's Oddysee
MotorStorm: Pacific Rift,MotorStorm: Pacific Rift
Ridge Racer V,Ridge Racer V
Jillian Michaels' Fitness Ultimatum 2009,Jillian Michaels' Fitness Ultimatum 2009
Tamagotchi Connection: Corner Shop,Tamagotchi Connection: Corner Shop
WWE SmackDown vs. Raw 2009,WWE SmackDown vs. Raw 2009
The Sims 2: Nightlife,The Sims 2: Nightlife
Tetris 2 (All region sales),Tetris 2 (All region sales)
Dead Rising 2,Dead Rising 2
Star Wars Episode III: Revenge of the Sith,Star Wars Episode III: Revenge of the Sith
Dishonored,Dishonored
Guitar Hero: Aerosmith,Guitar Hero: Aerosmith
Need for Speed Carbon,Need for Speed Carbon
Frogger: The Great Quest,Frogger: The Great Quest
Ninja Gaiden,Ninja Gaiden
Crash Bandicoot: The Wrath of Cortex,Crash Bandicoot: The Wrath of Cortex
Driv3r,Driv3r
Mass Effect 2,Mass Effect 2
Mystery Case Files: MillionHeir,Mystery Case Files: MillionHeir
Disney's Tarzan / Disney's Aladdin in Nasira's Revenge / Disney's The Emperor's New Groove Action Game,Disney's Tarzan / Disney's Aladdin in Nasira's Revenge / Disney's The Emperor's New Groove Action Game
Kirby Tilt 'n' Tumble,Kirby Tilt 'n' Tumble
SpongeBob SquarePants: Battle for Bikini Bottom,SpongeBob SquarePants: Battle for Bikini Bottom
Vigilante 8,Vigilante 8
Kung Fu Panda,Kung Fu Panda
Donkey Kong Country 2,Donkey Kong Country 2
"WarioWare, Inc.: Mega MicroGame$","WarioWare, Inc.: Mega MicroGame$"
Max Payne 3,Max Payne 3
Mario & Luigi: Partners in Time,Mario & Luigi: Partners in Time
Go Vacation,Go Vacation
PokÃ©mon Ranger: Guardian Signs,Pokémon Ranger: Guardian Signs
Winter Sports: The Ultimate Challenge,Winter Sports: The Ultimate Challenge
Mario Power Tennis,Mario Power Tennis
Marvel vs. Capcom 3: Fate of Two Worlds,Marvel vs. Capcom 3: Fate of Two Worlds
Intelligent Qube,Intelligent Qube
Ratatouille,Ratatouille
NBA Live 99,NBA Live 99
Golden Sun: The Lost Age,Golden Sun: The Lost Age
SimCity 2000,SimCity 2000
Max Payne,Max Payne
WCW Mayhem,WCW Mayhem
NBA 2K2,NBA 2K2
NASCAR Thunder 2003,NASCAR Thunder 2003
Sonic's Ultimate Genesis Collection,Sonic's Ultimate Genesis Collection
Cars,Cars
Tom Clancy's Ghost Recon: Future Soldier,Tom Clancy's Ghost Recon: Future Soldier
Fuzion Frenzy,Fuzion Frenzy
Tom Clancy's Rainbow Six: Vegas,Tom Clancy's Rainbow Six: Vegas
Call of Duty: Finest Hour,Call of Duty: Finest Hour
Ben 10: Protector of Earth,Ben 10: Protector of Earth
Sly Cooper and the Thievius Raccoonus,Sly Cooper and the Thievius Raccoonus
Star Wars Episode 1: Jedi Power Battles,Star Wars Episode 1: Jedi Power Battles
The Magical Quest starring Mickey Mouse (all region sales),The Magical Quest starring Mickey Mouse (all region sales)
Dino Crisis 2,Dino Crisis 2
Dragon Quest IV: Michibikareshi Monotachi,Dragon Quest IV: Michibikareshi Monotachi
Need for Speed Underground,Need for Speed Underground
RollerCoaster Tycoon 2,RollerCoaster Tycoon 2
Shrek / Shrek 2 2-in-1 Gameboy Advance Video,Shrek / Shrek 2 2-in-1 Gameboy Advance Video
Test Drive 4,Test Drive 4
Your Shape: Fitness Evolved,Your Shape: Fitness Evolved
Chrono Trigger,Chrono Trigger
Crysis 2,Crysis 2
World Soccer Winning Eleven 9 (JP & Others sales),World Soccer Winning Eleven 9 (JP & Others sales)
The Lord of the Rings: The Fellowship of the Ring,The Lord of the Rings: The Fellowship of the Ring
ATV Offroad Fury 3,ATV Offroad Fury 3
Pikmin 2,Pikmin 2
Transformers: Autobots / Decepticons,Transformers: Autobots / Decepticons
SolarStriker,SolarStriker
NFL 2K,NFL 2K
Enter the Matrix,Enter the Matrix
SOCOM: U.S. Navy SEALs Confrontation,SOCOM: U.S. Navy SEALs Confrontation
Alan Wake,Alan Wake
NHL 2002,NHL 2002
FIFA 07 Soccer,FIFA 07 Soccer
Nuclear Strike,Nuclear Strike
The Simpsons: Road Rage,The Simpsons: Road Rage
Diddy Kong Racing DS,Diddy Kong Racing DS
SpongeBob SquarePants: Revenge of the Flying Dutchman,SpongeBob SquarePants: Revenge of the Flying Dutchman
Scarface: The World is Yours,Scarface: The World is Yours
Need for Speed: The Run,Need for Speed: The Run
Star Wars: The Force Unleashed II,Star Wars: The Force Unleashed II
Disney's Chip 'n Dale: Rescue Rangers,Disney's Chip 'n Dale: Rescue Rangers
Kobe Bryant in NBA Courtside,Kobe Bryant in NBA Courtside
The Dukes of Hazzard: Racing for Home,The Dukes of Hazzard: Racing for Home
Pro Evolution Soccer 2008,Pro Evolution Soccer 2008
Hitman 2: Silent Assassin,Hitman 2: Silent Assassin
Spider-Man: The Movie,Spider-Man: The Movie
Final Fantasy I & II: Dawn of Souls,Final Fantasy I & II: Dawn of Souls
Mega Man X,Mega Man X
Metal Gear Solid VR Missions,Metal Gear Solid VR Missions
PokÃ©Park Wii: Pikachu's Adventure,PokéPark Wii: Pikachu's Adventure
EA Sports Active 2,EA Sports Active 2
Metroid: Other M,Metroid: Other M
Dragon Warrior VII,Dragon Warrior VII
Rage,Rage
Shenmue,Shenmue
Mario Tennis,Mario Tennis
Tony Hawk's Pro Skater 2,Tony Hawk's Pro Skater 2
Super Ghouls 'n Ghosts,Super Ghouls 'n Ghosts
Soviet Strike,Soviet Strike
Gun,Gun
Tekken 6,Tekken 6
Ty the Tasmanian Tiger,Ty the Tasmanian Tiger
[Prototype],[Prototype]
Boom Blox,Boom Blox
Mission: Impossible,Mission: Impossible
Rage Racer,Rage Racer
Medal of Honor: Rising Sun,Medal of Honor: Rising Sun
The Sims 2: Castaway,The Sims 2: Castaway
Destruction Derby 2,Destruction Derby 2
WWE SmackDown vs Raw 2008,WWE SmackDown vs Raw 2008
Mario vs. Donkey Kong,Mario vs. Donkey Kong
Midnight Club 3: DUB Edition Remix,Midnight Club 3: DUB Edition Remix
Tom Clancy's Ghost Recon: Jungle Storm,Tom Clancy's Ghost Recon: Jungle Storm
Bushido Blade,Bushido Blade
Tomb Raider: Underworld,Tomb Raider: Underworld
Disney Sing It,Disney Sing It
Deus Ex: Human Revolution,Deus Ex: Human Revolution
NASCAR Thunder 2002,NASCAR Thunder 2002
Mario vs. Donkey Kong 2: March of the Minis,Mario vs. Donkey Kong 2: March of the Minis
Sega Rally Championship,Sega Rally Championship
Jet Force Gemini,Jet Force Gemini
Yu-Gi-Oh! The Sacred Cards (American and Others sales),Yu-Gi-Oh! The Sacred Cards (American and Others sales)
Test Drive: Off Road,Test Drive: Off Road
The Sims 3,The Sims 3
LEGO Star Wars: The Video Game,LEGO Star Wars: The Video Game
Football Manager 2011,Football Manager 2011
The Sims 3,The Sims 3
Dragon Warrior Monsters 2: Cobi's Journey,Dragon Warrior Monsters 2: Cobi's Journey
Gauntlet: Dark Legacy,Gauntlet: Dark Legacy
Bad Boys: Miami Takedown,Bad Boys: Miami Takedown
Qix,Qix
Doraemon,Doraemon
Donkey Konga,Donkey Konga
Final Fantasy IV,Final Fantasy IV
Dragon Quest I & II,Dragon Quest I & II
Tak and the Power of Juju,Tak and the Power of Juju
Asteroids,Asteroids
Sonic & SEGA All-Stars Racing,Sonic & SEGA All-Stars Racing
Worldwide Soccer Manager 2009,Worldwide Soccer Manager 2009
Action Bass,Action Bass
Tenchu: Wrath of Heaven,Tenchu: Wrath of Heaven
Shadow of the Colossus,Shadow of the Colossus
Brave Fencer Musashi,Brave Fencer Musashi
Kingdom Hearts 3D: Dream Drop Distance,Kingdom Hearts 3D: Dream Drop Distance
Dance Dance Revolution Extreme 2,Dance Dance Revolution Extreme 2
Star Wars Battlefront II,Star Wars Battlefront II
Commando,Commando
Pilotwings,Pilotwings
Super R.C. Pro-Am,Super R.C. Pro-Am
Resident Evil - Code: Veronica,Resident Evil - Code: Veronica
South Park,South Park
The Lord of the Rings: The Return of the King,The Lord of the Rings: The Return of the King
LEGO Batman: The Videogame,LEGO Batman: The Videogame
High School Musical 2: Work This Out!,High School Musical 2: Work This Out!
LEGO Star Wars: The Video Game,LEGO Star Wars: The Video Game
Grand Theft Auto: The Trilogy,Grand Theft Auto: The Trilogy
Guitar Hero: Aerosmith,Guitar Hero: Aerosmith
Mobile Suit Gundam: Federation vs. Zeon,Mobile Suit Gundam: Federation vs. Zeon
LEGO Star Wars III: The Clone Wars,LEGO Star Wars III: The Clone Wars
Need for Speed Underground 2,Need for Speed Underground 2
Sonic Colors,Sonic Colors
MechAssault,MechAssault
LEGO Harry Potter: Years 1-4,LEGO Harry Potter: Years 1-4
Tom Clancy's Rainbow Six 3: Black Arrow,Tom Clancy's Rainbow Six 3: Black Arrow
Donkey Kong,Donkey Kong
Need for Speed: Most Wanted,Need for Speed: Most Wanted
Jampack Winter '98,Jampack Winter '98
PokÃ©mon Mystery Dungeon: Red Rescue Team (US weekly sales),Pokémon Mystery Dungeon: Red Rescue Team (US weekly sales)
Metal Gear Solid: Portable Ops,Metal Gear Solid: Portable Ops
Naruto Shippuden: Ultimate Ninja Storm 2,Naruto Shippuden: Ultimate Ninja Storm 2
Supercar Street Challenge,Supercar Street Challenge
Pilotwings 64,Pilotwings 64
Mega Man 3,Mega Man 3
2010 FIFA World Cup South Africa,2010 FIFA World Cup South Africa
Call Of Duty 2: Big Red One,Call Of Duty 2: Big Red One
Army of Two,Army of Two
Guitar Hero 5,Guitar Hero 5
WWE SmackDown vs. Raw 2010,WWE SmackDown vs. Raw 2010
Deus Ex: Human Revolution,Deus Ex: Human Revolution
Namco Museum DS,Namco Museum DS
Spider-Man 2,Spider-Man 2
WWE '12,WWE '12
Counter-Strike,Counter-Strike
Transformers: The Game,Transformers: The Game
Worldwide Soccer Manager 2008,Worldwide Soccer Manager 2008
Sonic Rush Adventure,Sonic Rush Adventure
Guitar Hero Encore: Rocks The 80s,Guitar Hero Encore: Rocks The 80s
Medal of Honor: Airborne,Medal of Honor: Airborne
Sonic the Hedgehog,Sonic the Hedgehog
LEGO Indiana Jones: The Original Adventures,LEGO Indiana Jones: The Original Adventures
Rock Band,Rock Band
Tom Clancy's Splinter Cell: Chaos Theory,Tom Clancy's Splinter Cell: Chaos Theory
Arc the Lad,Arc the Lad
NBA Jam Tournament Edition,NBA Jam Tournament Edition
Donkey Kong Jr.,Donkey Kong Jr.
Legend of Mana,Legend of Mana
Wario Land: Shake It!,Wario Land: Shake It!
Crysis 2,Crysis 2
FIFA Soccer 10,FIFA Soccer 10
Triple Play 98,Triple Play 98
F-Zero X,F-Zero X
Famicom Jump: Eiyuu Retsuden,Famicom Jump: Eiyuu Retsuden
Lode Runner,Lode Runner
The Final Fantasy Legend,The Final Fantasy Legend
Popeye,Popeye
Yu-Gi-Oh! Duel Monsters II: Dark Duel Stories,Yu-Gi-Oh! Duel Monsters II: Dark Duel Stories
Pro Evolution Soccer 2013,Pro Evolution Soccer 2013
Lumines: Puzzle Fusion,Lumines: Puzzle Fusion
Final Fantasy Tactics: The War of the Lions,Final Fantasy Tactics: The War of the Lions
Medal of Honor Heroes 2,Medal of Honor Heroes 2
NBA Live 2001,NBA Live 2001
SingStar Legends,SingStar Legends
SingStar Rocks!,SingStar Rocks!
Tales of Symphonia,Tales of Symphonia
Valkyria Chronicles,Valkyria Chronicles
LEGO Indiana Jones 2: The Adventure Continues,LEGO Indiana Jones 2: The Adventure Continues
Star Ocean: The Second Story,Star Ocean: The Second Story
SOCOM: U.S. Navy SEALs Fireteam Bravo,SOCOM: U.S. Navy SEALs Fireteam Bravo
BioShock,BioShock
Yakuza 2,Yakuza 2
Mirror's Edge,Mirror's Edge
Dragon Ball Z: The Legacy of Goku II,Dragon Ball Z: The Legacy of Goku II
R.B.I. Baseball 3,R.B.I. Baseball 3
NFL 2K1,NFL 2K1
BeatMania,BeatMania
Madden NFL 2004,Madden NFL 2004
The Godfather,The Godfather
Star Wars: Bounty Hunter,Star Wars: Bounty Hunter
F1 2011,F1 2011
Petz Dogz 2,Petz Dogz 2
Ninja Gaiden Sigma,Ninja Gaiden Sigma
Hot Shots Golf: Out of Bounds,Hot Shots Golf: Out of Bounds
NFL Blitz 2000,NFL Blitz 2000
NASCAR Thunder 2004,NASCAR Thunder 2004
SpongeBob SquarePants: Revenge of the Flying Dutchman,SpongeBob SquarePants: Revenge of the Flying Dutchman
Fisherman's Bass Club,Fisherman's Bass Club
Mirror's Edge,Mirror's Edge
Doom 3,Doom 3
Call of Duty 4: Modern Warfare,Call of Duty 4: Modern Warfare
Tom Clancy's Ghost Recon 2,Tom Clancy's Ghost Recon 2
NERF N-Strike,NERF N-Strike
Rabbids Go Home,Rabbids Go Home
Ready 2 Rumble Boxing,Ready 2 Rumble Boxing
Dragon Ball Z: Taiketsu,Dragon Ball Z: Taiketsu
Disney's Lilo & Stitch,Disney's Lilo & Stitch
LEGO Battles,LEGO Battles
Star Fox: Assault,Star Fox: Assault
Doko Demo Issyo,Doko Demo Issyo
Untold Legends: Brotherhood of the Blade,Untold Legends: Brotherhood of the Blade
Virtua Fighter,Virtua Fighter
WWE SmackDown vs. Raw 2010,WWE SmackDown vs. Raw 2010
NHL 99,NHL 99
SoulCalibur III,SoulCalibur III
Imagine: Babysitters,Imagine: Babysitters
EA Sports Active: More Workouts,EA Sports Active: More Workouts
Need for Speed Carbon,Need for Speed Carbon
Pro Evolution Soccer 2008,Pro Evolution Soccer 2008
Ridge Racer Revolution,Ridge Racer Revolution
007: Quantum of Solace,007: Quantum of Solace
Mass Effect 3,Mass Effect 3
Bayonetta,Bayonetta
Hot Wheels Turbo Racing,Hot Wheels Turbo Racing
NCAA Football 99,NCAA Football 99
World Tour Soccer,World Tour Soccer
Mortal Kombat: Armageddon,Mortal Kombat: Armageddon
Freekstyle,Freekstyle
Imagine: Fashion Designer New York,Imagine: Fashion Designer New York
NBA Street V3,NBA Street V3
Worms Armageddon,Worms Armageddon
Hulk,Hulk
NFL Blitz,NFL Blitz
NFL Quarterback Club 98,NFL Quarterback Club 98
Tomb Raider: The Last Revelation,Tomb Raider: The Last Revelation
Spider-Man 2,Spider-Man 2
Seek and Destroy,Seek and Destroy
Guitar Hero 5,Guitar Hero 5
Crackdown 2,Crackdown 2
FIFA Soccer 11,FIFA Soccer 11
FIFA Soccer 11,FIFA Soccer 11
Namco Museum Battle Collection,Namco Museum Battle Collection
LEGO Battles: Ninjago,LEGO Battles: Ninjago
Arc the Lad II,Arc the Lad II
Tag Team Match M.U.S.C.L.E.,Tag Team Match M.U.S.C.L.E.
Adventure Island,Adventure Island
LEGO Star Wars II: The Original Trilogy,LEGO Star Wars II: The Original Trilogy
NBA 2K3,NBA 2K3
The Simpsons: Road Rage,The Simpsons: Road Rage
Dave Mirra Freestyle BMX,Dave Mirra Freestyle BMX
Forza Motorsport,Forza Motorsport
Monster Rancher 2,Monster Rancher 2
Yakuza 3,Yakuza 3
MVP Baseball 2003,MVP Baseball 2003
Legacy of Kain: Soul Reaver,Legacy of Kain: Soul Reaver
Tales of Destiny,Tales of Destiny
Diablo II: Lord of Destruction,Diablo II: Lord of Destruction
Medal of Honor: Airborne,Medal of Honor: Airborne
Spore Creatures,Spore Creatures
Mega Man X4,Mega Man X4
Naruto: Clash of Ninja 2,Naruto: Clash of Ninja 2
Skate 2,Skate 2
Dance Dance Revolution SuperNOVA,Dance Dance Revolution SuperNOVA
Jeremy McGrath Supercross 98,Jeremy McGrath Supercross 98
F-Zero: Maximum Velocity,F-Zero: Maximum Velocity
Bomberman 64,Bomberman 64
The Sims 3,The Sims 3
The Biggest Loser,The Biggest Loser
Dante's Inferno,Dante's Inferno
Need for Speed: Most Wanted,Need for Speed: Most Wanted
Imagine: Animal Doctor,Imagine: Animal Doctor
Anno 2070,Anno 2070
Professor Layton and the Mask of Miracle,Professor Layton and the Mask of Miracle
SOCOM: U.S. Navy SEALs Fireteam Bravo 2,SOCOM: U.S. Navy SEALs Fireteam Bravo 2
Virtua Fighter 5,Virtua Fighter 5
MX vs. ATV Unleashed,MX vs. ATV Unleashed
Sega Superstars Tennis,Sega Superstars Tennis
Tiger Woods PGA Tour 10,Tiger Woods PGA Tour 10
The Beatles: Rock Band,The Beatles: Rock Band
NCAA March Madness 2004,NCAA March Madness 2004
Need for Speed: ProStreet,Need for Speed: ProStreet
WWE '12,WWE '12
Donkey Kong Land III,Donkey Kong Land III
Street Fighter Alpha 3,Street Fighter Alpha 3
LEGO Batman: The Videogame,LEGO Batman: The Videogame
Kid Icarus: Uprising,Kid Icarus: Uprising
Dora the Explorer: Dora Saves the Mermaids,Dora the Explorer: Dora Saves the Mermaids
Resident Evil: Operation Raccoon City,Resident Evil: Operation Raccoon City
MySims Agents,MySims Agents
Shrek 2,Shrek 2
Sniper: Ghost Warrior,Sniper: Ghost Warrior
GRID,GRID
Tomb Raider,Tomb Raider
One Piece Pirate Musou,One Piece Pirate Musou
Final Fight 2,Final Fight 2
The Lost World: Jurassic Park,The Lost World: Jurassic Park
Warhawk,Warhawk
Madden NFL 07,Madden NFL 07
FIFA Soccer 08,FIFA Soccer 08
Endless Ocean,Endless Ocean
Harry Potter and the Prisoner of Azkaban,Harry Potter and the Prisoner of Azkaban
Pong: The Next Level,Pong: The Next Level
PokÃ©mon Rumble Blast,Pokémon Rumble Blast
DiRT,DiRT
Petz: Catz 2,Petz: Catz 2
Mercenaries 2: World in Flames,Mercenaries 2: World in Flames
NBA Jam Tournament Edition,NBA Jam Tournament Edition
Guitar Hero 5,Guitar Hero 5
EyePet,EyePet
Oshare Majo Love and Berry: DS Collection,Oshare Majo Love and Berry: DS Collection
Monster Rancher,Monster Rancher
Tiger Woods PGA Tour 08,Tiger Woods PGA Tour 08
Guinness World Records: The Videogame,Guinness World Records: The Videogame
The Simpsons Game,The Simpsons Game
WWE SmackDown vs. Raw 2011,WWE SmackDown vs. Raw 2011
Ford Racing 2,Ford Racing 2
Breath of Fire III,Breath of Fire III
ModNation Racers,ModNation Racers
Call of Duty 4: Modern Warfare,Call of Duty 4: Modern Warfare
Tomb Raider: Underworld,Tomb Raider: Underworld
WWE SmackDown vs. Raw 2010,WWE SmackDown vs. Raw 2010
Virtua Tennis 3,Virtua Tennis 3
Dead or Alive 2,Dead or Alive 2
Bully: Scholarship Edition,Bully: Scholarship Edition
Marvel vs. Capcom 3: Fate of Two Worlds,Marvel vs. Capcom 3: Fate of Two Worlds
Game & Watch Gallery,Game & Watch Gallery
Excitebike 64,Excitebike 64
NES Open Tournament Golf,NES Open Tournament Golf
Jissen Pachi-Slot Hisshouhou: Hokuto no Ken,Jissen Pachi-Slot Hisshouhou: Hokuto no Ken
SoulCalibur II,SoulCalibur II
Winning Eleven: Pro Evolution Soccer 2007 (All Region sales),Winning Eleven: Pro Evolution Soccer 2007 (All Region sales)
Road & Track Presents: The Need for Speed,Road & Track Presents: The Need for Speed
NFL GameDay 2001,NFL GameDay 2001
Aliens vs Predator,Aliens vs Predator
Tom Clancy's Ghost Recon Advanced Warfighter 2,Tom Clancy's Ghost Recon Advanced Warfighter 2
NBA Live 97,NBA Live 97
NERF N-Strike Elite,NERF N-Strike Elite
Rock Band 2,Rock Band 2
Dynasty Warriors 3: Xtreme Legends,Dynasty Warriors 3: Xtreme Legends
Naruto: Clash of Ninja Revolution,Naruto: Clash of Ninja Revolution
Prince of Persia,Prince of Persia
Jampack Winter 2000,Jampack Winter 2000
NFL Fever 2002,NFL Fever 2002
The Simpsons: Hit & Run,The Simpsons: Hit & Run
DJ Hero,DJ Hero
Star Wars: The Force Unleashed,Star Wars: The Force Unleashed
Naruto: Ultimate Ninja Storm,Naruto: Ultimate Ninja Storm
Oddworld: Abe's Exoddus,Oddworld: Abe's Exoddus
Ratchet & Clank: All 4 One,Ratchet & Clank: All 4 One
The Bouncer,The Bouncer
Shadow The Hedgehog,Shadow The Hedgehog
SingStar,SingStar
Pro Evolution Soccer 2008,Pro Evolution Soccer 2008
The Simpsons Game,The Simpsons Game
Mario Party Advance,Mario Party Advance
Dragon Age II,Dragon Age II
ZhuZhu Pets,ZhuZhu Pets
Resident Evil: The Darkside Chronicles,Resident Evil: The Darkside Chronicles
NASCAR 99,NASCAR 99
Suikoden III,Suikoden III
WipEout Pure,WipEout Pure
Spore,Spore
MySims Agents,MySims Agents
Super Princess Peach,Super Princess Peach
Madden NFL 10,Madden NFL 10
Tom Clancy's Ghost Recon Advanced Warfighter 2,Tom Clancy's Ghost Recon Advanced Warfighter 2
PES 2009: Pro Evolution Soccer,PES 2009: Pro Evolution Soccer
NCAA Football 06,NCAA Football 06
Ninja Gaiden II,Ninja Gaiden II
Aliens vs Predator,Aliens vs Predator
The Simpsons Game,The Simpsons Game
Fire Emblem,Fire Emblem
Need for Speed: Most Wanted - A Criterion Game,Need for Speed: Most Wanted - A Criterion Game
The Orange Box,The Orange Box
Wall-E,Wall-E
NHL 2004,NHL 2004
Darksiders,Darksiders
Grand Theft Auto: Vice City Stories,Grand Theft Auto: Vice City Stories
FIFA Soccer 2005,FIFA Soccer 2005
WWE SmackDown vs Raw 2008,WWE SmackDown vs Raw 2008
Sonic Generations,Sonic Generations
Brink,Brink
Prince of Persia,Prince of Persia
Puzzler Collection,Puzzler Collection
LEGO Star Wars II: The Original Trilogy,LEGO Star Wars II: The Original Trilogy
Red Dead Redemption: Undead Nightmare,Red Dead Redemption: Undead Nightmare
Dragon Ball Z: Budokai Tenkaichi 3,Dragon Ball Z: Budokai Tenkaichi 3
Medal of Honor: Underground,Medal of Honor: Underground
Dark Cloud 2,Dark Cloud 2
Grand Theft Auto: Chinatown Wars,Grand Theft Auto: Chinatown Wars
Cars 2,Cars 2
Jampack Summer '99,Jampack Summer '99
LEGO Harry Potter: Years 1-4,LEGO Harry Potter: Years 1-4
Sonic the Hedgehog,Sonic the Hedgehog
Tamagotchi Connection: Corner Shop 2,Tamagotchi Connection: Corner Shop 2
FIFA Soccer 10,FIFA Soccer 10
NCAA Football 12,NCAA Football 12
Mortal Kombat Trilogy,Mortal Kombat Trilogy
NHL 2001,NHL 2001
Zoo Tycoon DS,Zoo Tycoon DS
Shinobi,Shinobi
Mortal Kombat: Deadly Alliance,Mortal Kombat: Deadly Alliance
ESPN NBA 2K5,ESPN NBA 2K5
WWE '13,WWE '13
Wheel of Fortune,Wheel of Fortune
World Championship Poker,World Championship Poker
Tom Clancy's Splinter Cell: Chaos Theory,Tom Clancy's Splinter Cell: Chaos Theory
Junior Brain Trainer,Junior Brain Trainer
Fallout: New Vegas,Fallout: New Vegas
SpongeBob SquarePants: Battle for Bikini Bottom,SpongeBob SquarePants: Battle for Bikini Bottom
Littlest Pet Shop: Winter,Littlest Pet Shop: Winter
Wild ARMs,Wild ARMs
Kessen,Kessen
Yu-Gi-Oh! Worldwide Edition: Stairway to the Destined Duel,Yu-Gi-Oh! Worldwide Edition: Stairway to the Destined Duel
NCAA Football 2000,NCAA Football 2000
Madden NFL 08,Madden NFL 08
Mega Man Star Force Dragon / Leo / Pegasus,Mega Man Star Force Dragon / Leo / Pegasus
Dragon Quest Monsters: Terry's Wonderland 3D,Dragon Quest Monsters: Terry's Wonderland 3D
Gangs of London,Gangs of London
Killzone,Killzone
Colin McRae Rally 04,Colin McRae Rally 04
Ace Combat 6: Fires of Liberation,Ace Combat 6: Fires of Liberation
The SpongeBob SquarePants Movie,The SpongeBob SquarePants Movie
Ace Combat X: Skies of Deception,Ace Combat X: Skies of Deception
Midway Presents Arcade's Greatest Hits: The Atari Collection 1,Midway Presents Arcade's Greatest Hits: The Atari Collection 1
Castlevania: Lament of Innocence,Castlevania: Lament of Innocence
Bulletstorm,Bulletstorm
Destroy All Humans!,Destroy All Humans!
MVP Baseball 2005,MVP Baseball 2005
Ben 10: Alien Force,Ben 10: Alien Force
SaGa Frontier 2,SaGa Frontier 2
Midnight Club: LA Remix,Midnight Club: LA Remix
Haze,Haze
NCAA Football 13,NCAA Football 13
MLB 2000,MLB 2000
Bully,Bully
Prince of Persia: The Sands of Time,Prince of Persia: The Sands of Time
Hot Shots Golf Fore!,Hot Shots Golf Fore!
MLB 06: The Show,MLB 06: The Show
NHL 2003,NHL 2003
Monster Trucks / Quad Desert Fury Double Value!,Monster Trucks / Quad Desert Fury Double Value!
Tony Hawk's Pro Skater 4,Tony Hawk's Pro Skater 4
Empire: Total War,Empire: Total War
Toy Story 2: Buzz Lightyear to the Rescue!,Toy Story 2: Buzz Lightyear to the Rescue!
Teenage Mutant Ninja Turtles,Teenage Mutant Ninja Turtles
MLB 07: The Show,MLB 07: The Show
Inazuma Eleven 3: Sekai e no Chousen!! Bomber / Spark,Inazuma Eleven 3: Sekai e no Chousen!! Bomber / Spark
SnoCross Championship Racing,SnoCross Championship Racing
Uncharted: Golden Abyss,Uncharted: Golden Abyss
Teenage Mutant Ninja Turtles,Teenage Mutant Ninja Turtles
Top Gun: Combat Zones,Top Gun: Combat Zones
007: The World is not Enough,007: The World is not Enough
My Weight Loss Coach,My Weight Loss Coach
DiRT 2,DiRT 2
NHL 98,NHL 98
WWE '13,WWE '13
Space Jam,Space Jam
NCAA Football 10,NCAA Football 10
Knockout Kings 2000,Knockout Kings 2000
Tony Hawk: RIDE,Tony Hawk: RIDE
Dishonored,Dishonored
Toy Story 3: The Video Game,Toy Story 3: The Video Game
Sonic Riders,Sonic Riders
Starsky & Hutch,Starsky & Hutch
Tobal No.1,Tobal No.1
The ICO & Shadow of the Colossus Collection,The ICO & Shadow of the Colossus Collection
Sonic and the Black Knight,Sonic and the Black Knight
Mario & Sonic at the London 2012 Olympic Games,Mario & Sonic at the London 2012 Olympic Games
Gold's Gym: Dance Workout,Gold's Gym: Dance Workout
Street Hoops,Street Hoops
Sonic & SEGA All-Stars Racing,Sonic & SEGA All-Stars Racing
Red Dead Redemption: Undead Nightmare,Red Dead Redemption: Undead Nightmare
Knockout Kings 2002,Knockout Kings 2002
Dragon's Dogma,Dragon's Dogma
Disney Fairies: Tinker Bell and the Lost Treasure,Disney Fairies: Tinker Bell and the Lost Treasure
Tokyo Xtreme Racer 3,Tokyo Xtreme Racer 3
de Blob,de Blob
Glover,Glover
Colin McRae Rally 2.0,Colin McRae Rally 2.0
SpongeBob SquarePants: The Yellow Avenger,SpongeBob SquarePants: The Yellow Avenger
Namco Museum,Namco Museum
Brutal Legend,Brutal Legend
LEGO Star Wars III: The Clone Wars,LEGO Star Wars III: The Clone Wars
Sonic Mega Collection Plus,Sonic Mega Collection Plus
LEGO Batman 2: DC Super Heroes,LEGO Batman 2: DC Super Heroes
Sonic Free Riders,Sonic Free Riders
Medal of Honor: Warfighter,Medal of Honor: Warfighter
LEGO Harry Potter: Years 5-7,LEGO Harry Potter: Years 5-7
Tiger Woods PGA Tour 2002,Tiger Woods PGA Tour 2002
Sonic Unleashed,Sonic Unleashed
Your Shape: Fitness Evolved 2012,Your Shape: Fitness Evolved 2012
AMF Bowling Pinbusters!,AMF Bowling Pinbusters!
FIFA Street,FIFA Street
Mini-Yonku Shining Scorpion: Let's & Go!!,Mini-Yonku Shining Scorpion: Let's & Go!!
MLB 2005,MLB 2005
Burnout Revenge,Burnout Revenge
Destruction Derby,Destruction Derby
3Xtreme,3Xtreme
Hot Shots Tennis,Hot Shots Tennis
Sonic Heroes,Sonic Heroes
Madden NFL 99,Madden NFL 99
Spider-Man 3,Spider-Man 3
Super Street Fighter IV: 3D Edition,Super Street Fighter IV: 3D Edition
James Bond 007: Agent Under Fire,James Bond 007: Agent Under Fire
Apollo Justice: Ace Attorney,Apollo Justice: Ace Attorney
X-Men Legends,X-Men Legends
NBA Live 2005,NBA Live 2005
MotorStorm: Arctic Edge,MotorStorm: Arctic Edge
Harry Potter: Quidditch World Cup,Harry Potter: Quidditch World Cup
Sonic Generations,Sonic Generations
NCAA Football 11,NCAA Football 11
Madagascar,Madagascar
Blitz: The League,Blitz: The League
NBA 2K10,NBA 2K10
Guitar Hero: Aerosmith,Guitar Hero: Aerosmith
Castlevania: Circle of the Moon,Castlevania: Circle of the Moon
Guitar Hero: Metallica,Guitar Hero: Metallica
Tiger Woods PGA Tour 06,Tiger Woods PGA Tour 06
Kung Fu Panda,Kung Fu Panda
Classic NES Series: The Legend of Zelda,Classic NES Series: The Legend of Zelda
Fire Emblem: The Sacred Stones,Fire Emblem: The Sacred Stones
PokÃ©mon Card GB2: GRdan Sanjou,Pokémon Card GB2: GRdan Sanjou
Band Hero,Band Hero
Operation Flashpoint: Dragon Rising,Operation Flashpoint: Dragon Rising
James Cameron's Avatar: The Game,James Cameron's Avatar: The Game
Finding Nemo,Finding Nemo
Ace Combat 2,Ace Combat 2
NFL 2K2,NFL 2K2
MLB 2001,MLB 2001
SingStar Anthems,SingStar Anthems
Mega Man 8 Anniversary Collector's Edition,Mega Man 8 Anniversary Collector's Edition
The Sims 2,The Sims 2
WWE SmackDown vs. Raw 2009,WWE SmackDown vs. Raw 2009
Phantasy Star Portable,Phantasy Star Portable
WWE SmackDown vs. Raw 2009,WWE SmackDown vs. Raw 2009
Skylanders Giants,Skylanders Giants
LEGO Indiana Jones: The Original Adventures,LEGO Indiana Jones: The Original Adventures
NBA 2K6,NBA 2K6
Buzz! The Mega Quiz,Buzz! The Mega Quiz
Star Wars: Rebel Assault II - The Hidden Empire,Star Wars: Rebel Assault II - The Hidden Empire
Call of Duty: Black Ops II,Call of Duty: Black Ops II
Tom Clancy's EndWar,Tom Clancy's EndWar
ESPN NHL 2K5,ESPN NHL 2K5
Crimson Skies: High Road to Revenge,Crimson Skies: High Road to Revenge
Spec Ops: Ranger Elite,Spec Ops: Ranger Elite
Gex,Gex
TouchMaster 2,TouchMaster 2
Yakuza 4,Yakuza 4
Tom Clancy's Ghost Recon: Island Thunder,Tom Clancy's Ghost Recon: Island Thunder
Need for Speed: V-Rally,Need for Speed: V-Rally
Kingdom Hearts Re: Chain of Memories,Kingdom Hearts Re: Chain of Memories
NFL GameDay '97,NFL GameDay '97
Tony Hawk's Project 8,Tony Hawk's Project 8
NHL 2000,NHL 2000
Fight Night Round 2,Fight Night Round 2
Conflict: Desert Storm,Conflict: Desert Storm
Triple Play 2002,Triple Play 2002
Rocksmith,Rocksmith
Brothers in Arms: Hell's Highway,Brothers in Arms: Hell's Highway
Vagrant Story,Vagrant Story
Warriors Orochi,Warriors Orochi
We Ski & Snowboard,We Ski & Snowboard
SingStar '90s,SingStar '90s
Blue Dragon,Blue Dragon
Madden NFL 08,Madden NFL 08
MLB 12: The Show,MLB 12: The Show
EA Sports Grand Slam Tennis,EA Sports Grand Slam Tennis
FIFA Soccer 09 All-Play,FIFA Soccer 09 All-Play
Rocky,Rocky
Just Dance 4,Just Dance 4
LEGO Indiana Jones 2: The Adventure Continues,LEGO Indiana Jones 2: The Adventure Continues
Kirby: Mass Attack,Kirby: Mass Attack
Ford Racing,Ford Racing
Winning Eleven: Pro Evolution Soccer 2007,Winning Eleven: Pro Evolution Soccer 2007
Madden Football 64,Madden Football 64
MLB 99,MLB 99
Plants vs. Zombies,Plants vs. Zombies
Operation Flashpoint: Dragon Rising,Operation Flashpoint: Dragon Rising
Metal Gear Ac!d,Metal Gear Ac!d
Dynasty Warriors 4: Xtreme Legends,Dynasty Warriors 4: Xtreme Legends
Monster 4X4: World Circuit,Monster 4X4: World Circuit
Marvel: Ultimate Alliance 2,Marvel: Ultimate Alliance 2
Army Men: Air Attack,Army Men: Air Attack
Bayonetta,Bayonetta
Peppa Pig: The Game,Peppa Pig: The Game
Samba De Amigo,Samba De Amigo
Street Fighter Alpha 2,Street Fighter Alpha 2
White Knight Chronicles: International Edition,White Knight Chronicles: International Edition
Tiger Woods PGA Tour 2005,Tiger Woods PGA Tour 2005
Sonic Chronicles: The Dark Brotherhood,Sonic Chronicles: The Dark Brotherhood
Dante's Inferno,Dante's Inferno
Rampage World Tour,Rampage World Tour
FIFA Soccer 08,FIFA Soccer 08
Brutal Legend,Brutal Legend
Ratatouille,Ratatouille
NFL GameDay,NFL GameDay
Burnout 2: Point of Impact,Burnout 2: Point of Impact
Street Fighter EX3,Street Fighter EX3
Nickelodeon Fit,Nickelodeon Fit
Spider-Man 2,Spider-Man 2
Fallout 3,Fallout 3
Lost Odyssey,Lost Odyssey
Wizards of Waverly Place,Wizards of Waverly Place
Super Street Fighter IV,Super Street Fighter IV
The Incredibles,The Incredibles
Fight Night Champion,Fight Night Champion
PilotWings Resort,PilotWings Resort
ATV Quad Power Racing 2,ATV Quad Power Racing 2
F1 2009,F1 2009
Rocket Power: Team Rocket Rescue,Rocket Power: Team Rocket Rescue
Sonic Unleashed,Sonic Unleashed
Big Mutha Truckers,Big Mutha Truckers
Petz Dogz Fashion,Petz Dogz Fashion
Rogue Galaxy,Rogue Galaxy
ESPN College Hoops 2K5,ESPN College Hoops 2K5
NBA 2K8,NBA 2K8
Grand Theft Auto: San Andreas,Grand Theft Auto: San Andreas
Lost Planet 2,Lost Planet 2
Metroid: Zero Mission,Metroid: Zero Mission
Ben 10: Protector of Earth,Ben 10: Protector of Earth
Kingdom Hearts Re:coded,Kingdom Hearts Re:coded
GRID,GRID
Guitar Hero: Warriors of Rock,Guitar Hero: Warriors of Rock
Q*bert,Q*bert
DiRT,DiRT
Ace Combat 3: Electrosphere,Ace Combat 3: Electrosphere
Dynasty Warriors 2,Dynasty Warriors 2
Madden NFL 07,Madden NFL 07
Army of Two: The 40th Day,Army of Two: The 40th Day
Medal of Honor: Warfighter,Medal of Honor: Warfighter
Lizzie McGuire 2: Lizzie Diaries,Lizzie McGuire 2: Lizzie Diaries
Xenoblade Chronicles,Xenoblade Chronicles
SingStar Abba,SingStar Abba
FIFA Soccer World Championship,FIFA Soccer World Championship
WWE SmackDown vs. Raw 2011,WWE SmackDown vs. Raw 2011
